"scenario","Year","ACCESS.ESM1.5","BCC.CSM2.MR","CanESM5","CNRM.ESM2.1","EC.Earth3","GFDL.ESM4","GISS.E2.1.G","INM.CM5.0","IPSL.CM6A.LR","MIROC6","MPI.ESM1.2.HR","MRI.ESM2.0","UKESM1.0.LL","ensemble"
"historical",1850,29.2,28.5,26.7,26.9,NA,26.6,28.5,29.2,24.7,29.1,27.9,28.2,28.5,27.8
"historical",1851,28.9,27.9,26.4,27,29,26.8,28.3,29.6,25,29.2,27.7,28.2,28.4,27.9
"historical",1852,29.1,29.3,26.4,26.5,28.5,28.2,28.5,28.8,24.9,29.2,27.3,27.9,28.4,27.9
"historical",1853,29.1,28.4,26.6,27.1,28.6,26.7,28.8,29.5,24.6,29.4,27.6,28,28.1,27.9
"historical",1854,29.2,28.8,26.4,26.6,28.8,26.4,29.2,29.3,24.8,29.6,27.8,28.4,28.1,28
"historical",1855,29.2,28.7,26.4,26.8,28.5,26.7,28.6,28.5,24.8,29.5,28,28.1,28.4,27.9
"historical",1856,29.5,28.8,26.4,26.7,28.2,26.6,28.7,28.9,24.7,30,28,28.2,28.6,27.9
"historical",1857,29,28.6,26.4,26.4,28.3,26.7,29,28.4,24.7,29.7,27.6,28.5,28.6,27.8
"historical",1858,29.9,28.5,26.3,26.7,28.7,27,28.6,29.3,24.8,29.3,27.2,28.3,28.6,27.9
"historical",1859,29.9,29,26.8,26.8,28.6,27,28.4,29.8,24.8,30.1,27.4,28,28.6,28.1
"historical",1860,29.5,28.6,26.7,26.7,28.4,26.9,28.4,29.7,24.9,29.5,27.6,27.9,28.5,27.9
"historical",1861,28.9,29,26.4,26.6,28.6,25.9,28.7,29.8,24.7,29.3,27.6,28.4,28.5,27.9
"historical",1862,28.6,28.5,26.2,26.6,28.7,26.6,28.4,28.6,24.6,29.9,27.6,28.2,28.1,27.7
"historical",1863,29.5,28.8,26.2,26.9,28.6,26.6,28.4,29,24.8,29.3,27.5,28,28.7,27.9
"historical",1864,29.7,28.2,26.5,27,28.6,26.5,28.2,28.9,24.9,29.5,27.5,28.3,28.5,27.9
"historical",1865,28.9,28.6,26.7,26.3,28.4,27.2,28.9,29.4,24.9,29.3,27.2,28.1,28.5,27.9
"historical",1866,29.2,28.9,26.8,27.3,29,27.4,28.8,29.6,24.9,29.1,27.7,28,28.4,28.1
"historical",1867,29.1,28.7,26.4,26.4,28.4,26.5,28.2,28.9,24.8,29.4,27.3,27.9,28.5,27.7
"historical",1868,28.9,28.9,26.3,26.8,28.5,26.4,28.7,29.3,24.8,30.1,27.3,28.3,28.2,27.9
"historical",1869,29.7,29.2,26.5,26.7,28.8,27,28.6,29.4,24.8,29.6,27.4,27.9,28.1,28
"historical",1870,29.4,28.7,26.4,26.7,28.8,26.6,28.7,29.6,24.9,29.5,27.4,28.1,28.1,27.9
"historical",1871,29.8,28.9,26.5,26.7,29,27.5,28.3,29.5,25,30,27.5,27.9,28.5,28.1
"historical",1872,29.4,28.3,26.5,26.6,28.8,26.9,29,29.4,24.8,29.3,27.3,27.9,28.5,27.9
"historical",1873,29.2,29.2,26.6,26.8,28.2,27.1,29.4,28.5,24.7,29.9,27.1,28.5,28.5,28
"historical",1874,29.2,28.4,26.4,26.7,28.3,26.8,28.9,29.4,24.9,29.7,27.3,28.6,28.3,27.9
"historical",1875,29.5,28.1,26.5,26.6,28.8,26.7,28,29.9,24.8,29.2,27.4,28.4,28.4,27.9
"historical",1876,29.6,28.8,26.4,26.8,28.2,26.9,28.8,28.5,25,29.3,27.3,28,28.3,27.8
"historical",1877,28.7,28.8,26.5,26.9,28.7,27,28.6,29,24.7,29.9,27.3,28.2,28.4,27.9
"historical",1878,29.4,28.2,26.6,27,29.1,27.2,28.8,28.9,24.8,29.4,27.2,28.5,28.3,28
"historical",1879,29.6,28.4,26.9,26.9,28.6,28.2,28.8,28.6,25.1,29.7,28.1,28.4,28.3,28.1
"historical",1880,29.2,29.1,26.5,26.6,28.7,27.2,28.5,29.1,24.7,29.6,27.3,28.3,28.5,27.9
"historical",1881,28.8,28.7,26.6,26.8,28.2,26.2,28.8,29.3,24.9,29.4,27.4,28.2,28.2,27.8
"historical",1882,29.6,29.4,26.6,26.7,28.3,26.7,28.5,29.6,24.8,29.2,27.8,28.4,28.4,28
"historical",1883,28.8,29.5,26.5,26.9,28.6,26.6,29,29.9,24.7,30.1,27.3,28.4,28.4,28.1
"historical",1884,28.3,28.4,26.1,26.6,27.7,25.9,28,28.6,24.9,29.4,26.9,27.7,28,27.4
"historical",1885,29.4,29,26.3,26.9,28.3,25.4,28.1,29.3,24.6,29.9,27.2,27.8,27.9,27.7
"historical",1886,29.4,29,26.3,26.5,28.1,26,29.2,29.8,24.5,28.6,27.2,28,28.1,27.7
"historical",1887,29.3,28.6,26.5,26.8,28.2,26.7,28.9,29.1,24.7,29.1,27.6,28.2,28.1,27.8
"historical",1888,29.1,27.8,26.4,26.5,28.7,27.1,28.3,29.3,24.8,29.6,27.6,28.2,28.5,27.8
"historical",1889,29.3,28.8,26.6,26.5,28.4,27,28.5,29.7,25,29.1,27.5,28,28.4,27.9
"historical",1890,28.5,28.8,26.4,26.6,28.5,26.4,28.8,29.1,24.8,29.1,27.4,28.3,28.2,27.8
"historical",1891,29.7,29.3,26.5,26.8,27.9,26.6,28.8,29.6,24.7,30.1,27.3,28,28.3,28
"historical",1892,29.8,28.4,26.5,26.7,27.9,26.9,28.4,28.4,24.8,29.6,27.4,28.3,28.3,27.8
"historical",1893,28.4,29.3,26.6,26.9,27.9,27,28.4,29.6,24.8,29.7,27.4,28.3,28.4,27.9
"historical",1894,29.4,29.1,26.5,26.8,28.1,27.1,28.1,28.1,25,30.1,27.6,28.1,28.2,27.9
"historical",1895,30,28.7,26.4,26.7,28.5,27.5,28.6,29.3,25,30.3,27.2,28.8,28.3,28.1
"historical",1896,29.5,29.1,26.6,26.6,28.7,26.8,28.2,29.4,24.9,30.4,27.4,28.4,28.8,28.1
"historical",1897,29.4,28.1,26.5,26.8,28.9,26.3,28.9,28.9,24.8,29.6,27.6,28.1,28.5,27.9
"historical",1898,29.6,28.6,26.4,27,28.3,26.7,28.6,28.4,24.8,29.6,27.6,27.9,28.5,27.8
"historical",1899,29.8,28.8,26.7,26.8,29,27.3,28.9,29.5,24.8,29.7,27.5,28.2,28,28.1
"historical",1900,29.7,28.5,26.4,26.9,28.8,26.9,28.2,30,24.9,29.6,27.8,28.3,27.8,28
"historical",1901,29.5,29.5,26.3,27.1,28,26.6,28.1,29.6,25.1,30.5,27.9,28.2,28.4,28.1
"historical",1902,29.5,28.7,26.3,26.9,28.4,27,28.4,29.6,24.8,30,28.1,28.4,28.4,28
"historical",1903,29,29.1,26.3,26.7,27.2,27,28.4,29.3,24.8,30,27.2,27.7,27.9,27.7
"historical",1904,30.4,28.5,26.4,26.5,28.2,26.5,28.7,29.5,24.8,30,27.3,28,28.2,27.9
"historical",1905,29.4,28,26.5,26.5,28,26.7,28.6,29.8,24.8,29.8,27.7,27.9,28.2,27.8
"historical",1906,29.2,28.8,26.5,27,28.2,26.4,28.3,29.1,24.9,29,27.8,28.3,28.4,27.8
"historical",1907,29.1,28.4,26.6,26.9,28.7,26.4,28.6,29.7,24.8,29.8,27.5,28.1,28,27.9
"historical",1908,28.9,28.9,26.4,26.4,28.6,27,28.9,29.5,24.9,29.1,27.6,28.2,28.4,27.9
"historical",1909,28.8,28.8,26.8,26.5,28.6,26.8,28.8,29.9,24.8,30.2,27.7,28.5,28,28
"historical",1910,29.5,28.2,26.6,27,28.6,27.5,28.4,29.6,24.9,30.2,27.6,28.3,28.3,28.1
"historical",1911,29.6,28.9,26.7,26.9,28.7,27.4,28.5,29.3,25.1,29.7,27.9,28.2,28.4,28.1
"historical",1912,29,28.1,26.5,26.6,28.7,26.5,28,28.7,25,29.9,27.9,28,28.2,27.8
"historical",1913,29.1,28.6,26.3,26.4,29.1,26.5,28.5,29.4,25,29.9,27.8,28.2,28.1,27.9
"historical",1914,29.3,28.2,26.6,26.5,28.2,27,28.6,29.9,25,29.5,27.7,28.2,28.1,27.9
"historical",1915,29.5,28.4,26.7,26.9,28.6,26.9,28.6,29.4,24.8,29.3,27.6,27.7,28.4,27.9
"historical",1916,29.6,29,26.6,26.8,28.5,27.7,28.6,29.6,25.1,29.4,27.6,27.9,28.3,28.1
"historical",1917,29.3,28.5,26.6,27.2,29.4,26.6,29.2,29.5,25.1,29.7,27.8,28,28.2,28.1
"historical",1918,29.5,29,26.6,26.9,28.7,27.3,28.8,28.8,25,29.3,27.7,28,28.3,28
"historical",1919,29.4,29.5,26.8,26.9,28.6,26.6,28.5,30,25,29.8,28,28.1,28.4,28.1
"historical",1920,29.8,29,26.7,26.7,29.1,27.4,28.8,30.1,25,29.7,27.7,28.3,28.2,28.2
"historical",1921,29.1,29.1,26.6,26.6,29.1,27.3,28.7,29.5,25.2,29.6,27.6,28.1,28.3,28.1
"historical",1922,29.5,28.3,26.8,26.5,29.1,27.1,28.6,29.6,24.9,30.7,27.7,28.1,28.3,28.1
"historical",1923,29.4,28.4,26.9,27.1,28.5,26.8,28.4,29,25,29.4,28.2,27.9,28.5,28
"historical",1924,29.8,28.9,26.7,26.6,28.6,27.2,28.7,29.7,25,29.8,27.5,28,28.3,28.1
"historical",1925,29.2,29,26.8,27,28.1,27,28.4,28.9,25,30.2,27.7,28.3,28.4,28
"historical",1926,29.6,28.8,26.9,26.8,28.6,27.2,28.6,29,25.2,29.6,28,28.3,28.6,28.1
"historical",1927,29.6,29.1,26.8,27,29,27.6,28.4,29.5,25.1,29.9,27.5,28.3,28.4,28.2
"historical",1928,30.1,28.7,26.9,26.9,28.8,27.5,28.1,29.3,25.1,30,27.5,27.9,28.3,28.1
"historical",1929,29.4,29,26.7,26.7,28.4,27,29,30.3,25,29.5,27.3,28.4,28.1,28.1
"historical",1930,29.9,28.9,26.6,27.4,28.8,27,28.9,30.2,25.1,29.8,27.5,28.3,28.4,28.2
"historical",1931,29.9,29,26.7,26.8,28.8,27.5,28.6,30.6,25,29.1,27.7,28,28.2,28.1
"historical",1932,29.9,29.6,26.9,26.8,28.8,27.4,29,28.8,25,29.6,28.1,28.1,28.3,28.2
"historical",1933,29.3,29.3,26.7,27,28.7,27.2,28.6,30.3,25,30.1,28.2,28.4,28.8,28.3
"historical",1934,29.6,29.2,26.7,26.7,28.2,27,28.8,30,24.9,30.2,28.1,28.5,28.7,28.2
"historical",1935,29.3,28.5,26.7,27.2,29,27.4,29,29.3,25.2,29.9,27.4,27.8,28,28.1
"historical",1936,29.6,28.8,26.8,26.5,28.5,26.6,29.2,29.1,25,30,27.8,28.1,28.4,28
"historical",1937,29.7,28.7,26.8,26.9,28.4,26.6,28.5,29.4,25.1,30.9,27.3,28.1,28.7,28.1
"historical",1938,29.5,29.2,26.9,26.8,28.8,26.8,28.7,29.8,25.1,30.1,27.5,28.4,28.3,28.1
"historical",1939,29.2,29.5,27,26.9,29.1,27.6,28.2,29.5,25.1,29.9,27.8,27.9,28.3,28.2
"historical",1940,29.6,29,26.9,27.1,28.7,27.2,29.2,29.5,25.1,29.7,28,28.4,28.8,28.2
"historical",1941,30,29.5,26.8,27,29.4,26.5,28.6,30,25.2,29.9,28.1,27.9,28.7,28.3
"historical",1942,29.6,28.2,26.9,27,28.7,27.1,29,29.2,25.2,29.9,27.8,28.5,28.9,28.2
"historical",1943,29.6,28.5,26.8,26.5,29,27.4,28.6,30.3,25.2,30.3,27.9,28.4,28.8,28.3
"historical",1944,29,29,26.9,26.5,28.2,27.3,28.9,30.7,25.2,30.4,27.4,28,28.7,28.2
"historical",1945,29.7,29.4,26.8,26.8,29.1,27.4,28.1,30.1,25.1,29.4,27.6,28.2,28.3,28.2
"historical",1946,29.2,29.2,26.9,27.5,29.2,26.8,29.3,30.2,25.1,29.6,28.2,28.1,28.5,28.3
"historical",1947,30.2,29.1,27,26.9,28.8,26.8,28.5,29.4,25.2,29.8,28,28.1,28.4,28.2
"historical",1948,30,28.8,26.9,26.8,29,27.6,29.2,30.1,25.2,29.8,28.3,28.3,28.2,28.3
"historical",1949,29.9,29.2,27.1,27,28.9,28.9,28.9,29.3,25.1,29.9,28,28.1,28.3,28.4
"historical",1950,29.4,29.3,27.2,26.6,29,27,28.7,29.9,25.2,30.4,27.7,28,28.2,28.2
"historical",1951,29.3,28.7,26.8,26.7,28.3,27.4,28.7,29.4,25.2,29.7,27.5,28.3,28.7,28.1
"historical",1952,29.6,29.3,27,26.9,29.1,28.2,28.5,30.8,25.3,30.2,27.5,27.9,28.5,28.4
"historical",1953,29.3,29.4,26.7,26.5,29.1,27.7,29,29.1,25.1,29.8,28.4,28.1,28.3,28.2
"historical",1954,29.9,29,26.8,26.9,29.1,27.3,28.7,29.1,25.2,30.6,27.8,28.4,28.4,28.2
"historical",1955,30,29.4,27.1,26.6,29,27,28.1,29.6,25.1,29.7,27.8,28.3,28.5,28.2
"historical",1956,30,29.5,27.2,26.5,29,26.9,28.8,28.8,25.1,30.3,28.2,28.5,28.9,28.3
"historical",1957,29.9,28.1,27,26.8,28.4,26.9,28.6,29.6,25.4,30.1,28,28.4,28.5,28.1
"historical",1958,30,28.9,27.1,27.5,28.8,26.6,29,30.2,25.1,29.9,28.2,28.2,28.5,28.3
"historical",1959,29.5,29.1,27.1,27.1,28.9,27.4,28.7,28.9,25.3,30.9,28.2,28.4,28.6,28.3
"historical",1960,29.2,29.5,27,26.9,29.2,27.2,28.6,30.2,25.3,29.9,27.7,28.1,28.5,28.3
"historical",1961,29.2,29.1,26.9,26.8,28.8,27.5,29,29.2,25.1,30.2,27.6,27.9,28.5,28.1
"historical",1962,29.6,28.7,27,26.8,28.9,27.8,28.8,29.4,25.2,30.5,27.8,28.2,28.6,28.3
"historical",1963,29,28.9,26.8,26.4,28.7,26.8,28.4,29.1,25.2,29.7,27.7,27.9,28.4,27.9
"historical",1964,28.9,28,26.5,26.7,28.6,25.8,28.6,29.8,24.8,29.9,27.7,27.8,28,27.8
"historical",1965,29.1,28.6,26.8,26.7,28.4,26.8,28.3,29,25.2,28.6,28,28.3,28.2,27.8
"historical",1966,29.2,29.5,26.7,27.1,29.2,27.9,29,29.7,25.2,30.1,27.8,27.6,28.3,28.3
"historical",1967,29,28.9,26.8,26.4,28.6,26.6,28.6,29.9,25.1,30.2,27.8,28.2,27.8,28
"historical",1968,29.9,29.4,26.7,26.8,28.5,26.1,28.4,29.6,25.4,30.4,27.8,28.3,28,28.1
"historical",1969,29.1,29.6,26.9,26.8,28.6,27.5,29.3,29,25.2,30.6,28,28.4,28.2,28.2
"historical",1970,29.5,28.1,27.1,26.8,28.6,27.2,28.5,28.9,25.3,30.6,27.8,27.9,28.4,28.1
"historical",1971,29.3,29.4,26.9,26.5,28.8,26.9,28.5,29.8,25.2,29.4,27.8,28,28.5,28.1
"historical",1972,29.3,29,27.1,27.1,28.5,26.7,29.2,29.7,25.4,30.3,28,28.3,28.4,28.2
"historical",1973,29.1,29.5,27.3,26.7,29.2,27.2,29.1,30.2,25.3,30.2,27.8,28.2,28.3,28.3
"historical",1974,29.2,29.7,27,26.9,29.3,27.7,28.2,29.1,25.2,30.4,28.1,28,28.4,28.2
"historical",1975,29.5,29,27.1,26.5,29,27,28.6,29.7,25.1,30.4,28.1,27.9,28,28.1
"historical",1976,29,29.5,27,26.7,28.8,27.6,28.5,29.9,25.3,30.6,27.6,27.5,28.3,28.2
"historical",1977,29.8,29.1,27,27,28.5,27.6,28.6,30,25.2,29.9,28.2,27.9,28.5,28.3
"historical",1978,29.7,29.2,27.1,26.9,29,27.4,28.6,29.6,25.3,30.1,28,28.3,28.6,28.3
"historical",1979,29.6,29.2,27,26.8,28.6,27.3,29.2,29.9,25.7,30.2,28.1,28.1,28.4,28.3
"historical",1980,29.6,29.5,27.1,27,29,26.9,28.7,29.5,25.5,30.4,27.9,28.3,28.2,28.3
"historical",1981,29.9,29.4,27.3,27,28.7,27.9,28.7,29.2,25.4,29.8,28.2,28.7,28.4,28.4
"historical",1982,29.9,29.3,27.2,27.2,28.4,27.2,28.7,29.8,25.2,30.8,28.1,28.8,28.4,28.4
"historical",1983,29.6,29.4,27,26.9,28.2,26.2,28.3,29.2,25.3,30.1,27.9,28.1,28.1,28
"historical",1984,29.4,29.3,27.1,27.3,28.4,27.1,29.4,30.1,25.2,30.4,28.1,28.3,28.4,28.3
"historical",1985,30.1,29.1,27.2,27.2,28.9,26.9,28.4,30,25.4,30.5,28.3,28.2,28.3,28.3
"historical",1986,29.3,29.4,27.5,27,28.9,26.9,28.6,29.2,25.6,29.8,28.4,28.6,28.5,28.3
"historical",1987,29.4,29.1,27.2,26.9,28.9,27.4,29,30.3,25.4,30.6,28.1,28.7,28.6,28.4
"historical",1988,29.6,29,27.5,26.9,28.9,27.2,29.6,30.8,25.7,31.2,28.8,28.4,28.8,28.6
"historical",1989,29.5,29.5,27.6,27.2,29.4,27.4,29.6,30.7,25.6,29.7,28.1,28.3,28.8,28.6
"historical",1990,29.7,29.6,27.6,27,29.7,27,29.1,30.4,25.7,30.5,28.2,28.7,28.6,28.6
"historical",1991,29.6,28.6,27.6,27,29.5,27,28.4,29.8,25.6,30.6,28.5,28.5,28.3,28.4
"historical",1992,29.3,28.2,27,27,28.6,27,29,29.2,25.3,30.2,28.6,28.1,28.3,28.1
"historical",1993,28.8,28.8,27.5,27.2,28.4,27.2,28.8,29.1,25.4,30.3,28.6,28,28.5,28.2
"historical",1994,29.3,29.1,27.2,26.9,29,27.2,29.2,29.7,25.5,29.9,28.5,28.5,28.5,28.3
"historical",1995,29.5,30.1,27.6,27.2,29.2,27.3,28.8,30.4,25.3,30.5,28.5,28.2,28.6,28.6
"historical",1996,30,29.5,27.5,27.2,28.7,27.7,28.9,30.1,25.6,30.6,28.4,28.5,28.8,28.6
"historical",1997,29.8,30.1,27.4,27.1,28.8,27.3,29.1,30.2,25.6,30.8,28.1,28.8,29,28.6
"historical",1998,29.3,29.5,28,27.2,29.1,27.1,29.6,30.5,25.6,31.2,28.4,28.8,29,28.7
"historical",1999,30.2,29.6,27.8,27.6,29.2,28.7,29,30.7,25.8,30.8,28.6,28.6,29,28.9
"historical",2000,30.8,29.1,27.9,27.4,29.2,27.7,28.6,30.3,25.9,30.6,28.3,28.7,29.1,28.7
"historical",2001,30.1,30.1,27.8,27,29.3,27.8,29.6,29.8,25.9,30.4,28.4,28.6,29,28.8
"historical",2002,30.3,30,27.9,26.9,29.7,28,29.4,31.1,25.8,31,28.8,28.8,29.2,29
"historical",2003,30.3,30.3,28,27,29.7,28.3,29.4,29.9,25.7,31.3,28.2,28.6,29.2,28.9
"historical",2004,29.6,30,28,27.3,29.7,27.8,29.1,30,25.8,31.3,28.1,28.6,29.1,28.8
"historical",2005,29.8,29,27.9,27.2,28.8,28.2,29,29.4,25.9,30.2,28.7,28.9,29.3,28.6
"historical",2006,29.8,30,28.2,27.4,29.7,27.2,30,30.1,26.1,30.1,28.6,28.9,29,28.9
"historical",2007,30.2,29.7,28.1,27.4,29.9,27.8,30.2,30.3,25.8,30.4,28.9,29,29.2,29
"historical",2008,29.8,30,28,27.5,29.5,27.7,29,30.4,25.9,31.2,28.6,28.5,29.5,28.9
"historical",2009,30.1,30,28.1,27.5,30.4,28,29.3,30,26.2,31.1,28.6,28.5,29.3,29
"historical",2010,30.3,29.9,28.2,27.5,30.8,27.6,29.4,29.3,25.9,31.6,28.5,28.8,29.7,29
"historical",2011,30.4,30.9,28.3,27.4,30.1,27.8,29.8,30.3,26,30.9,28.4,28.8,29.5,29.1
"historical",2012,30.9,29.9,28.4,27.7,30,28.3,29.9,30.7,26,30.9,28.9,29.2,29.6,29.3
"historical",2013,30.8,30.5,28.5,27.6,29.8,28.3,29.1,30.2,26.1,31,29,29.2,29.8,29.2
"historical",2014,30.8,29.8,28.6,27.5,30,28,29.4,30.9,26.2,30.8,29.1,29.1,29.5,29.2
"ssp126",2015,30.3,30.8,28.6,27.7,29.8,26.7,29.6,31.4,26,31.1,29.2,29.3,30,29.3
"ssp126",2016,30.2,28.8,28.6,28.1,29.6,29.4,29.8,31.2,25.9,30.7,29,27.8,30.4,29.2
"ssp126",2017,30.8,29.5,28.3,27.5,30.3,28.7,29.3,29.4,26.2,31,28.7,28.5,30.1,29.1
"ssp126",2018,30.4,29.8,28.4,27.8,29.6,27.7,29.4,29.3,26.2,30.7,28.8,29.3,30.1,29
"ssp126",2019,31,30.6,28.6,27.8,29.9,27.4,29.5,31,26.3,30.9,29,29.9,30.2,29.4
"ssp126",2020,30.9,30.7,28.4,27.8,29.5,28.8,29.7,31.1,26.7,31.3,29.1,29,29.9,29.5
"ssp126",2021,31.3,31,28.8,27.7,29.7,28,29.8,30.5,26.2,31.8,28.2,29.3,30.4,29.4
"ssp126",2022,30.5,28.1,28.2,28,29.9,27.1,30,29.5,26.3,30.5,29.1,28.4,29.9,28.9
"ssp126",2023,30.8,30.6,28.6,28.1,30.3,26.8,29.9,30.8,26.5,31.2,29.4,29.8,30.1,29.5
"ssp126",2024,31.5,29.6,28.5,28.5,30.2,27.1,30.1,30.6,26.5,31.7,29.9,29.1,30.1,29.5
"ssp126",2025,30.9,30.8,28.7,28,30.6,28.1,30.1,31.6,26.5,31.6,29,29.7,30.2,29.7
"ssp126",2026,30.6,30.2,28.6,27.8,29.5,28.1,30.2,31.2,26.6,32,28.6,29.1,30.3,29.4
"ssp126",2027,31.2,30.9,28.7,28.1,29.9,28.6,29.9,30.4,26.5,31.4,28.6,29.8,30.1,29.5
"ssp126",2028,31.1,29.9,28.8,28.2,30.3,30.1,29.7,29.3,26.7,30.9,29.1,29.2,30,29.5
"ssp126",2029,31.3,29.6,28.9,28,30.2,28.7,29.7,30.9,26.8,31.1,28.1,29.1,30.5,29.5
"ssp126",2030,30.9,30.1,28.9,28.3,30.1,28.4,29.6,31.6,26.3,31.4,28.2,29.4,30.3,29.5
"ssp126",2031,31.1,30.3,28.8,28.2,30.2,29.4,29.8,29.1,26.5,31.1,29.1,29.7,30.6,29.5
"ssp126",2032,31,30.5,29.1,28.5,30.6,29,30.6,30,26.6,31.5,29,30.4,30.2,29.8
"ssp126",2033,31.4,30.9,29,28.2,29.9,29.8,30.5,30.2,26.9,31.2,28.9,29.8,30.6,29.8
"ssp126",2034,31.1,31.3,28.9,28.5,29.7,27.9,31.1,31.7,26.7,31.4,29.4,29.5,30.6,29.8
"ssp126",2035,31.6,30.9,29,28.3,30.3,27.5,29.9,30.9,26.5,31.8,29.1,31,30.4,29.8
"ssp126",2036,32.4,29.5,29.6,28.5,31,28.9,30.2,29.7,26.8,31.2,28.7,29.2,30.3,29.7
"ssp126",2037,31.5,29,29.1,28.6,30.8,28,31.2,30.2,27.1,31.5,30,30.2,30.8,29.8
"ssp126",2038,31.8,29,28.8,28.3,30.3,27.7,30.9,29.6,26.9,31.4,29.6,30.3,30.9,29.7
"ssp126",2039,32.1,31,29.1,28.2,31,27.7,29.8,30.4,26.9,32.1,29.5,30,30.8,29.9
"ssp126",2040,32,30.5,29.1,28.7,30.4,28.4,29.9,29.5,26.8,32.2,29,29.4,31,29.8
"ssp126",2041,32.7,30.7,29.2,29,29.9,28.6,30.3,30.8,26.9,31,29,30.2,30.8,29.9
"ssp126",2042,32.3,30.4,29.2,28.7,30.9,29.8,30.8,31.6,26.8,31.6,29.4,29.3,31.1,30.1
"ssp126",2043,32.4,29.9,29.3,28.6,31,28.2,30.7,31,26.8,31.7,30,29.2,30.8,30
"ssp126",2044,31.5,30.2,29.3,29.1,30.7,28.1,30.7,30.9,26.8,30.9,29.5,30.4,30.9,29.9
"ssp126",2045,32.1,30,29.4,28.9,31.2,29.4,30.2,31.4,27,31.1,28.9,29.4,31.1,30
"ssp126",2046,31.8,31.5,29.1,28.8,30.6,29.5,30.5,31.6,27,31.5,29,29.4,31,30.1
"ssp126",2047,32.1,30.6,29.6,28.4,30.6,28.7,30.7,30.3,27.1,31.8,28.6,29.6,30.6,29.9
"ssp126",2048,32.4,29.5,29.6,29,30.9,27.3,30.9,31.2,27.2,31.2,29.6,29.8,31.3,30
"ssp126",2049,32.9,30.7,29.6,29.4,30.6,29.5,31.1,29.6,27.1,30.8,29.4,29.4,31.5,30.1
"ssp126",2050,32,31,29.2,28.6,31.1,29.3,30.3,30.7,26.9,32,29.1,30.1,31.1,30.1
"ssp126",2051,32.6,30.4,29.4,28.6,30.9,29.1,30.6,29.6,26.6,31.2,28.6,30,31.4,29.9
"ssp126",2052,32.6,31.6,29.3,28.3,30.6,29,30.8,29.8,27.1,31.6,30.4,30.7,31.6,30.3
"ssp126",2053,32.2,28.6,29.2,28.8,30.3,29,30.4,31.1,27,31.1,29.4,30.6,31.5,29.9
"ssp126",2054,32.8,32.3,29.5,28.8,31.2,30,30.8,30.1,26.7,32.2,29.4,30.7,31.5,30.5
"ssp126",2055,31.9,30.9,29.5,28.5,31,28,30.4,29.8,26.9,31.6,29.2,30.2,31,29.9
"ssp126",2056,32.5,30.9,29.7,28.7,31,28.3,30.6,31.3,27.3,32,29,28.5,32.2,30.2
"ssp126",2057,32.6,30.8,29.3,29.1,30.7,27.9,30.8,30.1,27,31.6,28.4,30.1,31.9,30
"ssp126",2058,32.3,30.7,29.2,28.7,31,27.5,30.4,31.4,27.2,31.2,30,29.4,31.8,30.1
"ssp126",2059,32.2,29.4,29.5,28.7,30.7,28.5,30.6,31.1,27,31.5,29.4,29.5,31.7,30
"ssp126",2060,32.6,30.9,29.7,29.1,30.8,29.2,30.5,30.1,27.2,31.8,29.3,30.7,31.5,30.3
"ssp126",2061,33.3,30.3,29.6,29.1,31.4,28,30.8,31.1,27,32.1,28.9,29.7,31.3,30.2
"ssp126",2062,32.9,29.3,29.4,29.1,31,28.5,30.6,30.3,27.1,31.7,29.8,29.4,31.5,30
"ssp126",2063,32.7,28.6,29.3,29.1,31.4,28.6,31.3,30.7,27.1,31.1,29.2,29.3,31.9,30
"ssp126",2064,33,30.5,29.7,28.6,30.4,29.2,30.5,31.4,27,31.7,29.4,30.5,31,30.2
"ssp126",2065,32.5,31.3,29.7,28.8,30.2,29.1,30.5,29.3,27.2,31.3,29.4,30.1,31.8,30.1
"ssp126",2066,32.8,31,29.6,28.4,31,30.2,30.7,30.5,26.9,32,30.3,30.9,32,30.5
"ssp126",2067,32.9,30.6,29.4,28.5,30.6,28.5,30.9,30.7,26.8,31.7,29.2,31.2,31.4,30.2
"ssp126",2068,32.7,31.2,29.6,28.5,30.3,28.9,30.9,30.5,27.1,31.7,29.5,29.5,31.6,30.2
"ssp126",2069,32.5,30.1,29.4,28.7,31.3,29.9,31.1,30.7,27.2,30.8,29,30,31.3,30.2
"ssp126",2070,33.1,31.2,29.5,29.1,31.3,28.1,30.7,30.4,27.2,31.6,29.1,30.5,31.1,30.2
"ssp126",2071,33.1,30.5,29.4,28.9,30.3,28.8,30.4,31.9,27.1,31.1,29.4,29.6,31,30.1
"ssp126",2072,32.2,30.6,29.9,28.9,31,28.9,30.5,30.6,27.1,31.9,30.1,30,31.3,30.2
"ssp126",2073,31.6,30.9,29.8,28.4,30.6,27.9,30.4,30.1,27.2,32.2,29,30.2,31.7,30
"ssp126",2074,33.1,30.2,29.4,28.8,30.9,28.9,31.4,29.9,27.1,31.2,29.2,30.4,31.3,30.1
"ssp126",2075,32.6,30.3,29.5,29,31,29.6,30.4,32,27.4,32.4,28.8,31.3,31.6,30.5
"ssp126",2076,33,31.5,29.5,28.6,31.1,30.1,31.1,31.3,27.2,31.6,29.4,29.9,31.6,30.5
"ssp126",2077,32.9,30.6,29.4,29,30.8,29.3,30.9,30.1,27.1,32,30,29.1,31.2,30.2
"ssp126",2078,32.9,30.4,29.5,29.1,31.3,30,30.7,31,27.1,32,29.3,29.8,31.8,30.4
"ssp126",2079,32.3,30.3,29.4,29.3,31.1,28.7,30.6,30,26.9,31.2,29.2,29.5,31.2,30
"ssp126",2080,32.4,30.2,29.5,28.9,31.2,29.1,31.2,31.1,27.2,32.2,29.2,29.6,31.6,30.3
"ssp126",2081,32.8,30.5,29.4,28.9,31,29.5,30.6,30.5,26.9,31.4,29.6,29.6,31.8,30.2
"ssp126",2082,32.4,30.6,29.2,28.5,30.7,29.1,30.9,29,27.2,31.6,29.4,31.2,31.4,30.1
"ssp126",2083,32.6,31.4,29.6,28.7,31.6,28.1,30.6,29.7,27.3,31.3,30.2,30.2,31.2,30.2
"ssp126",2084,33.4,31.6,29.5,28.4,31.1,27.8,30.6,31.3,26.8,31.6,30.3,29.1,32.1,30.3
"ssp126",2085,33.1,31.4,29.2,28.6,30.7,28.4,31.2,32.5,26.8,32.1,28.6,30.1,31.8,30.3
"ssp126",2086,32.8,29.4,29.6,28.6,30.5,29.3,30.7,30.6,27,31.4,29.5,29.7,31.8,30.1
"ssp126",2087,32.7,31.5,29.2,28.7,30.9,27.6,31,30.7,27.2,31.4,29.6,30.4,31.1,30.2
"ssp126",2088,32.3,30.9,29.2,28.6,30.4,28.2,31,32.9,27.1,31.6,29,29.7,31.6,30.2
"ssp126",2089,33.3,31.2,29.6,29.1,30.9,29.2,31,30.9,27,31.6,29.2,29.9,31.6,30.3
"ssp126",2090,32.2,30.9,29.4,29,30.6,27.6,30.7,32.2,27.2,31.4,28.8,30,31.2,30.1
"ssp126",2091,32.7,30.9,29.3,29,30.7,28.9,31,29.7,27.1,31.9,29,29.8,30.8,30.1
"ssp126",2092,32,29.9,29.4,28.6,30.5,29.2,30.2,31.4,27,31.9,29,29.8,31.6,30
"ssp126",2093,32.6,30.4,29.1,28.8,31.5,28.2,30.9,29.5,27.1,31.8,29.4,29.6,31.6,30
"ssp126",2094,33.3,28.5,29.2,29,30.9,27.9,31.4,29.9,27.1,31,29.4,29.9,31.3,29.9
"ssp126",2095,33,31.4,29.5,28.8,30.8,28.4,31.4,31.2,26.9,31.7,29.3,30.2,31.3,30.3
"ssp126",2096,32.9,31.2,29.5,29,31.2,28.8,30.4,30.7,26.8,31.7,29,29.8,31,30.2
"ssp126",2097,31.8,30.6,29.1,29,30.7,28.5,31.4,31.3,26.9,31.6,29.1,29.8,32,30.1
"ssp126",2098,32.8,31.1,29.4,29,31.1,29.7,31,30.5,27.1,32.5,29.5,28.8,31.4,30.3
"ssp126",2099,32.5,29.3,29.2,28.9,31.2,27.8,30.6,30.5,27,32.1,29.1,30,31.3,30
"ssp126",2100,32.3,30.5,29.4,29.2,31.2,29,30.3,30.2,26.9,31.7,28.4,30.3,31.3,30.1
"ssp245",2015,30.9,29.7,28.3,28,29.9,27.9,29.6,30.7,26.2,29.8,29.2,29.7,30.1,29.2
"ssp245",2016,30.8,31.6,28.3,27.2,29.8,28.3,29.2,31,26.1,30.6,28.9,29.8,29.5,29.3
"ssp245",2017,30.6,28.2,28.4,27.7,29.6,28.8,28.5,30.3,26.2,31.3,28.3,28.9,30.3,29
"ssp245",2018,30.5,30,28.6,28.1,29.7,28.9,29.2,30.1,26.3,29.9,29,28.6,30,29.1
"ssp245",2019,30.9,29.6,28.5,27.8,29.9,28.8,29.6,30.8,26.3,30.8,29.2,28.7,29.7,29.3
"ssp245",2020,31,30.5,28.4,27.5,30.5,28.2,29.9,30.5,26.2,31.9,28.3,28.8,30.3,29.4
"ssp245",2021,30.5,28.9,28.6,27.9,30.7,28.6,29.5,31.6,26.4,31.3,28.5,29.1,30.2,29.4
"ssp245",2022,30.6,29.7,28.9,28,30.6,28.1,29.9,30.1,26.4,30.7,28.4,30,30.1,29.3
"ssp245",2023,30.8,30.5,28.8,28,30,28.1,30.1,31.2,26.1,31.6,29.5,28.7,30.5,29.5
"ssp245",2024,30.7,30.2,28.8,28.3,30.8,29.1,30.3,29.8,26.6,32.8,29.5,29.7,30.1,29.7
"ssp245",2025,30.7,30.1,28.9,28.1,31.1,28.6,30.4,30.9,26.5,31.8,29.6,29.5,30.6,29.8
"ssp245",2026,31.6,30.1,29.1,28.2,30.6,28.3,30.2,29.7,26.5,31.4,28.9,29,30.5,29.5
"ssp245",2027,31.1,29.2,29.1,28.4,30.2,28.7,29.7,31.2,26.6,30.5,29.2,29.5,30.3,29.5
"ssp245",2028,30.9,30.3,29.1,28.3,29.9,28.6,29.9,30,26.5,30.7,28.9,29.4,31.2,29.5
"ssp245",2029,31.3,31.1,29,28.4,30.4,28,30.3,30.9,26.5,30.5,29,29.4,30.8,29.7
"ssp245",2030,31.7,31.9,28.8,28.3,30.3,28.7,30.5,31.3,26.6,29.8,29,30,30.5,29.8
"ssp245",2031,31.4,31.4,28.9,28.1,30.8,29.1,30,29.9,26.7,30.5,28.9,29.6,30.7,29.7
"ssp245",2032,31.6,30.4,29.1,28.4,29.8,28.4,30.1,29.4,26.8,30.8,29.4,29.9,30.8,29.6
"ssp245",2033,31,30.6,29.3,28.5,30.2,28.4,30.6,30.8,26.9,31.1,29.2,30.3,30.9,29.8
"ssp245",2034,31.4,30.8,29.4,28.8,30.6,28.3,30,30.5,26.8,32,29.9,28.8,30.2,29.8
"ssp245",2035,32.1,30.5,29.4,28.5,30.7,28,30.7,30.5,26.7,32,29.5,30.4,30.5,30
"ssp245",2036,32,30.5,29.1,28.3,31,29.2,30.6,30.2,27,31.7,28.6,30.2,31,30
"ssp245",2037,32.2,31.2,29.4,28.5,30,29.3,30.2,29.7,26.6,31.7,29.2,30.5,31.2,30
"ssp245",2038,32.3,29.2,29.5,28.7,30.6,29,30.6,31.7,27.1,32.8,30.1,31.3,31,30.3
"ssp245",2039,32,31.3,29.7,28.2,31.2,28,30.5,31.1,26.8,31.8,29,29.7,31.2,30
"ssp245",2040,32.5,32.3,29.6,28.7,30.5,29,30.8,30.7,26.9,31.6,30,29.1,31.4,30.2
"ssp245",2041,32.1,29.9,29.6,28.6,30.5,29.5,30.9,30.9,27,30.2,29,29,31.2,29.9
"ssp245",2042,31.7,31,29.4,28.5,30.6,29.1,30.7,31.5,27,31.9,29.5,30.1,31.2,30.2
"ssp245",2043,31.3,31.6,29.6,28.8,31,28.8,30.9,31.3,27.1,31.4,28.9,29.7,30.9,30.1
"ssp245",2044,32,29.9,29.4,28.3,30,29,30.8,30.8,27,31,30.1,30.2,31.3,30
"ssp245",2045,32,31.6,29.6,29,30.9,29.2,30.6,29.9,27.3,31.1,29.3,30,32,30.2
"ssp245",2046,32.8,32.1,29.9,28.6,31.4,29.8,31,30.7,27.2,31.6,29.1,29.5,31.6,30.4
"ssp245",2047,32.3,31,29.8,28.8,31.6,29.4,31,30.5,27.4,31,29.6,31,31.8,30.4
"ssp245",2048,32.5,30.3,29.8,28.8,31.1,29.5,30.4,31.4,27.3,33.7,29.7,30.3,31,30.4
"ssp245",2049,32.8,31.6,29.7,29,31,29.2,31,32.6,27.5,31.4,30,30.8,31.6,30.6
"ssp245",2050,32.9,30.7,30,29.4,31.6,29,31.1,31.1,27.6,31,30.1,31.2,31.7,30.6
"ssp245",2051,33,31.7,30,28.9,30.5,29.1,31,31,27.3,30.5,30,31.2,32,30.5
"ssp245",2052,32.6,31,30.1,29.4,31.4,29.4,30.9,30.4,27.1,32.4,29,30.3,31.8,30.4
"ssp245",2053,32.7,30.8,29.9,29,31.3,30.3,30.9,30.7,27.5,33.1,29.6,30.9,32.4,30.7
"ssp245",2054,32.9,32.1,29.8,29.1,30.8,29.3,30.4,30.8,27.4,32.3,29.5,30.4,32.3,30.5
"ssp245",2055,32.6,31,30.3,29.4,31.6,29.6,31.1,31,27.5,31.8,29.4,29.8,31.8,30.5
"ssp245",2056,33.2,31.3,30.1,29.4,30.8,29.4,30.7,30.1,27.5,32.4,29.4,30.4,32,30.5
"ssp245",2057,32.9,32.2,29.8,28.7,31.1,29.6,31.3,31.4,27.4,33.4,29.5,31.7,32.1,30.9
"ssp245",2058,33.2,31.1,30.1,29.3,31.1,28.7,31.4,32.1,27.5,32.3,30.4,29.6,32.5,30.7
"ssp245",2059,33.7,32,30.4,29.5,31.3,29.3,31,30.4,27.6,33.1,30,30,32,30.8
"ssp245",2060,32.9,31.3,30.3,29.6,31.2,29.8,31.6,32.2,27.8,32.4,30.2,30.3,32.8,31
"ssp245",2061,33,31.3,30.3,29.3,31.1,30.4,31.1,30.6,27.4,30.6,30,30.7,32.2,30.6
"ssp245",2062,32.9,31.1,30.5,29.1,31,29,30.9,30.6,27.8,32,30.8,31.2,32.7,30.7
"ssp245",2063,32.8,31.4,30.2,29.5,31.4,29.6,30.8,31.2,27.8,31.4,30.9,30.4,32.1,30.7
"ssp245",2064,33.1,31,30.2,29.7,31.7,29.5,31.2,31.1,27.4,32.9,31.1,31.4,32.3,31
"ssp245",2065,34,30.8,30.2,29.7,32.2,29.1,31.4,31.4,27.8,32.2,29.9,29.9,32.6,30.9
"ssp245",2066,33,30.3,30.4,29.3,31.2,29.6,30.6,30.7,28.2,31.4,29.8,30.6,32.6,30.6
"ssp245",2067,33.5,31.9,30.6,29.3,31.7,29.2,30.9,31.4,28,32.9,29.2,30.4,32.5,30.9
"ssp245",2068,33.4,32,30.5,29.4,32,29.8,31.9,31.9,27.9,31.3,29.8,30.2,32.3,31
"ssp245",2069,33.4,32.7,30.2,29.4,31.6,28.6,31.4,32.2,27.7,31.6,30.6,29.7,32.7,30.9
"ssp245",2070,33,30.9,30.3,29.4,31.6,29.6,31.5,33.3,27.9,31.9,30.3,29.5,33.2,31
"ssp245",2071,33.4,31,30.6,29.9,32.5,30.1,31.6,30.5,28.1,33,30.1,30.4,32.4,31
"ssp245",2072,33.8,31.2,30.7,29.9,32,29.5,31.6,32.3,28.1,33.4,30,30.7,32.7,31.2
"ssp245",2073,33.9,31.2,30.8,29.6,32.7,29.9,31.3,31.2,28.1,31.5,30.7,30.5,32.7,31.1
"ssp245",2074,33.1,29.9,30.4,29.7,31.3,29.9,31.2,32.2,28,31.6,30.9,30.9,32.7,30.9
"ssp245",2075,34.2,31.1,30.6,30.2,32.3,29.8,31.6,31.3,27.8,30.9,30,30.8,32.7,31
"ssp245",2076,33.7,32.1,30.5,30.1,32.1,29.8,31.6,30.3,28,31.5,29.8,29.5,32.6,30.9
"ssp245",2077,33.8,31.4,30.8,29.8,31.5,29.9,31.7,32.1,28.2,32.8,29.6,31.7,32,31.2
"ssp245",2078,34.1,32.6,30.7,29.7,32.1,30,31.5,31.2,28.1,31.9,29.6,32,32.5,31.2
"ssp245",2079,34.3,31.8,30.8,30.1,32.3,29.9,32,30.7,28.2,32.2,29.9,30.7,33.2,31.2
"ssp245",2080,33.6,32,30.9,29.7,32.3,28.8,31.9,31.2,28.3,31.6,30.6,30.3,32.6,31.1
"ssp245",2081,33.7,30.6,30.4,29.8,32.4,29.7,31.2,33,28.5,31.4,30.3,30.5,32.6,31.1
"ssp245",2082,34,31.3,30.6,30,31.9,30.1,31.7,30.6,28.2,33.1,30,30.7,33,31.2
"ssp245",2083,33.5,30.3,30.8,29.9,32.3,29.3,31.4,31.9,28.2,32.7,30.7,30.4,32.9,31.1
"ssp245",2084,34.1,31.1,30.7,30,32.6,29.7,31.8,30.7,28.6,31.8,30.4,29.9,33.4,31.1
"ssp245",2085,34.5,30.6,30.7,30.3,32.6,29.7,32.4,32.6,28.2,31.9,30.4,31.6,32.7,31.4
"ssp245",2086,34.2,30.6,30.6,29.4,31.8,29.9,31.7,30.7,28.1,32.7,30.8,30.5,32.7,31.1
"ssp245",2087,34,30.7,30.8,30.5,32.3,29.3,31.9,33.2,28.3,33.1,30.9,31.4,32.5,31.5
"ssp245",2088,34.5,31.6,30.9,30.1,32.1,29.1,31.2,31,28.4,32.3,30.1,30.7,33.1,31.2
"ssp245",2089,34.1,31.5,30.9,30.5,32.9,30.7,31.4,31.4,28.2,32.3,30.1,32.5,33,31.5
"ssp245",2090,34.4,31.4,30.7,30.1,32.4,30,31.7,31.9,28.4,32.3,31.2,31,33.1,31.4
"ssp245",2091,34.3,32.8,30.9,29.9,32.4,30.3,32,31.6,28.4,31.9,29.8,30.2,33.4,31.4
"ssp245",2092,34.6,32.5,30.8,30,33.1,30,32,31,28.4,33.2,30.4,31.6,33.1,31.6
"ssp245",2093,34.4,32.1,30.9,30.2,32.6,29.9,31.4,32.2,28.6,32,30,30.8,32.7,31.4
"ssp245",2094,34,30.3,31,30.2,32.6,30.3,31.5,31.4,28.4,33.3,29.8,30.1,33.5,31.3
"ssp245",2095,34.1,31.2,31,30,32.6,29.8,31.7,32.1,28.6,31.7,30,31,33.3,31.3
"ssp245",2096,34,32.7,30.7,29.8,31.5,30,31.3,30.5,28.6,32.2,30.2,31,33.6,31.2
"ssp245",2097,35,32,30.8,30.3,31.9,30.3,31.8,31.3,28.4,32.6,30.5,30.1,33,31.4
"ssp245",2098,34.4,31.1,31.1,30.6,32.4,28.9,32,30,28.7,33,30.4,30.9,33.3,31.3
"ssp245",2099,35,32.4,31,30.3,32.8,29.9,31.6,30.6,28.7,33.9,30.4,31.5,33.3,31.6
"ssp245",2100,34.4,32.4,31.1,30.3,33.3,30.1,31.7,32,28.5,32.4,29.8,30.4,33.1,31.5
"ssp370",2015,30.3,30.2,28.4,27.9,29.7,27.9,29.6,30.4,26.3,30.5,29,29.4,29.8,29.2
"ssp370",2016,30.7,30.7,28.2,27.7,29.6,27.7,29.4,32,26.1,31.3,28.9,29.4,30,29.4
"ssp370",2017,30.9,31.3,28.5,27.7,30.4,28.7,29.9,30.9,26.2,30.4,29,28.9,29.9,29.4
"ssp370",2018,31.1,29.9,28.5,28.1,29.7,28,29.5,31,26.3,31.8,29,29.5,30.1,29.4
"ssp370",2019,31,29.3,28.8,27.7,29.3,27.8,28.8,29.1,26.3,31.3,28.6,29.2,29.9,29
"ssp370",2020,30.8,31,28.5,28,29.7,27.8,29,31.6,26.1,30.5,28.9,29.1,29.4,29.3
"ssp370",2021,30,31.4,28.9,27.5,30.2,29.2,29.8,30.3,26.2,29.4,28.8,29,30.1,29.3
"ssp370",2022,30.6,30.8,29,27.9,30.4,29,29.8,32.7,26.3,31.5,29.2,29.1,30,29.7
"ssp370",2023,30.9,31.4,29,28,30.1,28.4,30.1,31.2,26.5,33.3,28.9,29.7,30.1,29.8
"ssp370",2024,30.9,30,28.8,28.1,30.6,29.2,30.1,32.4,26.6,31.7,29,29.6,30.7,29.8
"ssp370",2025,31.4,30.2,29.2,28.2,30.1,28.5,29.9,29.2,26.4,30.5,29,29.4,30.6,29.4
"ssp370",2026,31.3,31.2,29,27.8,30.3,27.2,30.2,32.2,26.5,29.5,29.4,29.5,30.4,29.6
"ssp370",2027,31,29.5,29,28.3,30.6,28.1,30.6,29.7,26.5,30.4,29.1,29.4,29.8,29.4
"ssp370",2028,31.9,29.2,29.4,28.2,30.7,28.6,29.5,32.2,26.7,31.8,29.2,29.8,30.7,29.8
"ssp370",2029,31.7,31.3,29,28.2,29.5,28.8,30,30.4,26.6,32.6,29.1,29.5,31.2,29.8
"ssp370",2030,31.3,29.4,28.9,28.2,30.3,27.5,30.3,31,26.4,32.2,29.4,29.8,31.1,29.7
"ssp370",2031,31.2,31,29.2,28.2,31.3,28.1,29.9,30.2,26.8,31.6,29.4,29.4,30.7,29.8
"ssp370",2032,31.7,29.7,29.7,28.2,30.4,29,30.6,31.5,26.7,30.6,29,29.8,31,29.8
"ssp370",2033,31.1,30.4,29.6,28.6,29.8,29.6,30.4,30.4,26.7,31.1,29.1,29.8,30.5,29.8
"ssp370",2034,31,29.7,29.3,28.7,30.7,28.5,30.2,31.5,26.5,30.4,29.2,29.7,31.3,29.7
"ssp370",2035,31.3,30.2,29.5,28.3,30.1,29.1,30.4,30.9,26.8,31.5,29.4,29.8,30.9,29.9
"ssp370",2036,32,30.3,29.6,28.1,30.2,29.7,30.4,31.2,26.9,32,29.1,30,31.2,30.1
"ssp370",2037,32.2,30.2,29.6,28.6,30.8,30.1,30.7,32.1,26.8,32,29.5,29.9,31.3,30.3
"ssp370",2038,31.2,31.4,29.9,28.7,30.6,28.2,30.8,31.2,27,31.3,29.5,29.8,32,30.1
"ssp370",2039,32.2,32.2,29.8,28.3,31.1,28.6,30.7,31.4,27.1,31.9,29.4,29.7,31.3,30.3
"ssp370",2040,31.9,30.8,29.9,28.8,31.2,28.9,31.2,30.6,27.2,31.4,29.3,29.9,31.7,30.2
"ssp370",2041,31.4,30.8,29.8,28.5,30.8,28.8,30.6,30.4,27,31,29.2,29.8,31.5,30
"ssp370",2042,31.6,31.3,29.8,28.6,30.9,28.9,30.7,30.5,27.1,31.4,30,30.2,31.2,30.2
"ssp370",2043,31.9,29.9,30.1,28.9,31.2,28.1,30.8,30.9,26.9,32.2,29.8,30.5,32.1,30.3
"ssp370",2044,32.2,30.7,30.1,28.8,31.2,29.5,30.2,31.8,27.2,30.8,29.6,30.1,31.7,30.3
"ssp370",2045,32,31.1,30.3,28.6,31.6,28.9,30.5,31.8,27.2,32.8,30,30.2,31.7,30.5
"ssp370",2046,31.9,30,30.2,28.6,30.5,30.5,30.6,29.8,27.4,32.3,29.7,30.2,31.9,30.3
"ssp370",2047,32.5,31.5,30.2,29.1,30.8,31,30.6,30.4,27.3,31.8,29.4,30.8,32.1,30.6
"ssp370",2048,32.2,31.5,30.4,29,30.8,29.7,31.2,30.6,27.5,31.8,29.6,30.5,32.1,30.5
"ssp370",2049,32.1,30.7,30.6,29.3,30.9,28.9,30.4,31.5,27.5,32.4,29.8,30.1,32.9,30.5
"ssp370",2050,33.1,30.6,30.7,29.2,31.6,29,31.4,32.3,27.6,31.2,29.6,30.8,32.3,30.7
"ssp370",2051,33,30.4,30.6,29,32.1,29.9,31.6,30,27.5,30.3,30.2,30.2,31.8,30.5
"ssp370",2052,32.8,30.6,30.4,29.3,31.7,28.9,30.6,32.3,27.8,32.7,30.1,30.7,32.6,30.8
"ssp370",2053,33,31.4,30.5,29.1,31.4,30.3,31,33.1,27.7,31.2,30,30.8,32.6,30.9
"ssp370",2054,33.1,30.8,30.9,29.5,31.7,28.7,31.2,31.9,27.7,32.9,30.3,30.2,32.4,30.9
"ssp370",2055,32.9,31,31,29.3,31.7,29.5,31.1,30.4,27.7,32.6,30.1,30.5,32.6,30.8
"ssp370",2056,32.7,31.8,31.1,29.6,31.2,30.8,31.1,30.9,27.8,31.9,30.4,30.8,32.7,31
"ssp370",2057,33.4,31,31.3,29.2,32.2,30.7,31.4,31.5,28,32.5,30.1,30.2,32.7,31.1
"ssp370",2058,33.2,32.5,30.9,29.6,31.6,29.9,31.6,32.3,27.8,32.7,30.5,30.6,32.7,31.2
"ssp370",2059,33.4,32.2,31.1,29.1,32,30.6,31.7,29.5,27.8,31.7,30.2,30.3,32.5,30.9
"ssp370",2060,33.9,32.1,31.4,29.6,32.1,30.9,31.2,30.8,28,32.6,29.9,30.6,33,31.2
"ssp370",2061,33.4,31,31.2,29.6,32.6,30,31.6,31.2,28,33.7,30.5,31.6,33.3,31.4
"ssp370",2062,33.7,32.4,30.8,29.7,31.6,29.2,31.9,31.4,28.1,31.2,30.4,30.6,32.9,31.1
"ssp370",2063,34,31.6,31.4,29.9,32,30.5,31.8,31,28.1,33.5,30,30.8,33.4,31.4
"ssp370",2064,33.9,32,31.7,29.9,32.1,30.7,31.8,30,28.1,31.9,30.2,31,34,31.3
"ssp370",2065,34,31.1,31.7,29.6,31.9,30,31.5,30.2,28.3,32.4,30.7,31.3,33.3,31.2
"ssp370",2066,34.4,32.1,31.5,29.7,32.1,28.8,31.4,31.9,28.3,31.9,30.6,30.9,33.1,31.3
"ssp370",2067,33.7,32.9,31.8,30.4,31.7,28.4,31.8,31.5,28.3,33.5,30.7,30.7,33,31.4
"ssp370",2068,34.1,31.8,31.9,30.2,33.4,30.9,32.1,30.4,28.5,32.5,30.4,31.1,33.8,31.6
"ssp370",2069,33.9,33.3,31.9,30,33,29,31.6,31.4,28.4,33.3,30.5,31.4,34.1,31.7
"ssp370",2070,34.2,31.4,31.7,30.1,32.7,29.6,32.2,30.7,28.4,32,30.5,30.6,34.1,31.4
"ssp370",2071,34.2,33.7,31.6,30.1,31.7,30.2,31.9,31.2,28.8,34,31,31.5,33.9,31.8
"ssp370",2072,35,32.6,32,30,33.3,30.3,31.3,33.1,28.6,31.1,31,30.7,34.5,31.8
"ssp370",2073,34.5,31.7,32.4,30.5,33,31.1,32,32,28.6,34.4,31,31.7,33.7,32
"ssp370",2074,34.2,33.1,32.5,30.5,33.4,30.5,31.8,31,28.7,33,30.9,31.2,34.4,31.9
"ssp370",2075,34.5,33.7,32.5,30.2,31.9,29.9,31.4,30,29,34,31.1,31.4,33.8,31.8
"ssp370",2076,34.2,34.3,32.4,31,32.6,30.5,32.4,32.5,28.9,33.5,30.9,31.5,34,32.2
"ssp370",2077,34.6,33.2,32.6,30.7,33,31.8,31.5,31.6,29.1,32.6,31.3,31.4,34.5,32.1
"ssp370",2078,35.2,34.2,32.7,30.5,33.6,29.4,32.5,32.9,29.3,34.5,31.2,31.9,33.7,32.4
"ssp370",2079,34.7,32.9,32.8,30.3,32.9,30.9,31.9,32.9,29.1,34,31.4,31.3,34.4,32.3
"ssp370",2080,35.2,32.5,33.1,30.8,32.5,31.4,32.2,30.6,29.1,33.6,31.3,31.6,34.4,32.2
"ssp370",2081,35,33.3,32.8,30.7,34.1,31.3,32.6,33.6,29.3,33.2,31.3,31.3,34.5,32.5
"ssp370",2082,34.9,32.9,32.8,30.9,33.5,31.2,32.6,33,29.3,33.3,31.6,32,35,32.5
"ssp370",2083,35.1,33.1,32.9,31.1,33.5,29.9,31.9,31.7,29.5,34.9,31.4,31.8,35,32.4
"ssp370",2084,35.4,32.8,33.3,30.8,33.3,32.2,32.4,33.2,29.4,33.8,31.6,31.6,34.6,32.6
"ssp370",2085,35.4,32.8,33,30.9,33.8,31.7,32.7,32.8,29.8,34.6,31.4,31.9,35.3,32.8
"ssp370",2086,35.3,32.4,33.3,31.2,34.5,31.4,32.4,32.4,29.6,33.1,31.4,32,35.1,32.6
"ssp370",2087,35.4,31.8,33.2,31.1,34.1,30.7,32.7,31.2,29.7,33.4,31.9,32.2,35,32.5
"ssp370",2088,35.4,33.2,33.1,30.9,33.9,31.7,33,33,29.6,33.9,31.3,32.1,35,32.8
"ssp370",2089,35,31.7,33.6,31.2,34.1,32,32.4,32.7,29.7,32.3,31.7,32.2,35.3,32.6
"ssp370",2090,35.2,31.9,33.9,31.2,34,32.5,33,32.6,29.9,32.2,31.3,32.2,35.4,32.7
"ssp370",2091,35.5,34.1,34.3,31.6,33.9,29.6,32.5,32.7,30,34.9,31.7,32.1,35.5,33
"ssp370",2092,36,32.2,33.8,31.6,33.7,32.7,32.5,33.3,30.1,35.1,31.7,31.9,36,33.1
"ssp370",2093,35.9,33.3,33.9,31.8,34.3,32.9,32.4,30.5,30.3,34,31.9,32.2,35.6,33
"ssp370",2094,36.1,34.1,34.1,31.5,33.8,30.9,32.9,32.9,30,32.4,31.9,32.4,35.3,32.9
"ssp370",2095,35.7,32.3,34.1,32,34.2,30.8,32.6,32.1,30.4,34.6,32,32.4,35.9,33
"ssp370",2096,36.8,33.6,33.9,31.6,34.2,33.5,33,31.6,30.2,35.9,32.2,32.3,35.7,33.4
"ssp370",2097,36.5,35,34.4,31.8,34.6,31.8,32.9,33.1,30.4,32.7,32,32.4,36.4,33.4
"ssp370",2098,36.7,34.3,34.1,32,34.9,32.2,33.4,33.1,30.6,33,32,31.9,36.2,33.4
"ssp370",2099,36.7,33.4,34.4,31.8,34.5,31.7,32.8,34.9,30.6,34.6,32.3,32.5,36.4,33.6
"ssp370",2100,36.4,33,34.7,32.2,34.1,31.4,33.1,33.8,30.8,34.1,32.7,33,36.4,33.5
"ssp585",2015,30.8,30.3,28.6,27.9,30.4,27.1,30,32.1,26.1,30.1,29.6,30.1,30.1,29.5
"ssp585",2016,30.7,29.1,28.5,27.7,30.3,29.3,29.5,29.6,26.3,31.5,28.9,29.6,30,29.3
"ssp585",2017,30.1,30.3,28.7,27.7,30.5,28.6,29.1,31.1,26.3,31.3,27.8,30.5,29.8,29.4
"ssp585",2018,30.8,30.5,28.7,27.8,29.9,29.1,29.6,29.7,26.4,30.9,29.3,29.1,30.3,29.4
"ssp585",2019,30.9,30.2,28.5,28.3,30.4,27.8,29.9,30,26,30.9,28.6,29.3,30.7,29.3
"ssp585",2020,31.4,30,28.7,28.1,29.6,27,30.1,30.8,26.2,31.4,29.2,30,30.5,29.5
"ssp585",2021,31,30.7,28.8,28,30.4,29.2,29.5,29.3,26.4,31.5,28.9,30.2,30.2,29.5
"ssp585",2022,31.1,30.4,28.7,27.6,30,28.5,29.1,30.3,26.4,30.8,28.5,30.1,30.5,29.4
"ssp585",2023,31.5,30.8,29.1,28.2,29.8,28.1,30,30.3,26.4,31,29.4,29.4,30.1,29.5
"ssp585",2024,30.9,31.4,29,28.1,30.4,27.9,30.1,30.1,26.6,30.8,30.1,29.6,30.7,29.7
"ssp585",2025,31.4,30.1,28.9,28.2,30.4,29.2,29.9,29.8,26.6,30.8,29.6,29.5,30.8,29.6
"ssp585",2026,31.2,30.2,28.9,28.1,30,27.3,29.9,29.5,26.7,32,29,30.3,30.6,29.5
"ssp585",2027,31.3,30,29.2,28.9,30.1,29.5,30.1,29.3,26.5,30.5,28.4,30.8,30.8,29.6
"ssp585",2028,31.6,30.3,29.1,28.4,30.4,28.9,30.6,29.7,26.4,31.4,29.8,29.1,31.1,29.8
"ssp585",2029,31.7,31.1,29,28.4,30.2,27.8,29.7,29.9,26.8,31.3,29.2,29.8,30.2,29.6
"ssp585",2030,31.5,30.5,29.1,28.5,30.1,27.6,30.5,30.8,26.7,31.6,29.7,29.8,30.8,29.8
"ssp585",2031,31.8,30.1,29.4,28.2,30.7,28.6,30.5,29.9,26.5,32,28.9,29.5,31.4,29.8
"ssp585",2032,32.3,29.7,29.6,28,30.9,29.1,30.6,30.4,26.7,31.6,28.9,29.1,31.1,29.8
"ssp585",2033,31.6,31.1,29.7,28.4,30.9,28.2,29.8,31.4,27.1,30.8,30,30.6,31,30
"ssp585",2034,32.5,30.3,29.3,29,30.9,28.1,30,30.5,26.8,31.4,28.7,31.2,30.7,30
"ssp585",2035,31.6,30.2,29.3,28.3,30.8,28.4,30.6,31.3,26.9,31.9,29.7,30.2,31.2,30
"ssp585",2036,32.1,30,29.5,28.8,30.5,28.8,30.8,30,26.8,31.6,28.2,29.6,31.3,29.8
"ssp585",2037,32.9,30.5,29.6,28.7,30.9,27.8,30.4,32.1,27,31.5,29.3,30.3,31.7,30.2
"ssp585",2038,32.4,30.7,29.9,28.7,30.8,29.6,30.8,31.3,27.4,31.5,29.4,30.3,31.7,30.3
"ssp585",2039,32.8,31.6,30,28.8,31.5,28.5,30.8,31.4,26.9,32.2,30.1,29.9,31.7,30.5
"ssp585",2040,32.5,31.7,29.6,28.5,31.2,28.7,30.7,30.9,27.2,31.6,29.5,31.6,31.4,30.4
"ssp585",2041,32.2,32.3,30.1,28.6,30.5,28.7,31.1,32,27.3,32.2,28.6,29.9,31.6,30.4
"ssp585",2042,32.3,31.3,29.8,29.3,30.7,28.6,30.9,30.2,27.4,32,30,30.1,31.2,30.3
"ssp585",2043,33,30.5,30.2,29.2,31,30.2,30.7,31,27.6,32,29.2,29.8,32.2,30.5
"ssp585",2044,33,30.6,30,29.2,31.5,31.1,31,29.9,27.7,32.1,29.7,29.8,31.9,30.6
"ssp585",2045,32.5,31.3,29.9,29.2,30.7,28,30.4,30.9,27.4,32.1,32.2,30.7,32.3,30.6
"ssp585",2046,32.1,32.3,30.5,29.5,31.7,28.5,30.9,32.2,27.4,32.1,30.7,30.3,32.7,30.8
"ssp585",2047,32.7,29.5,30.6,29.4,31.2,28.3,31.4,31.1,27.7,32.5,30.2,31,32.5,30.6
"ssp585",2048,33.1,32.1,30.3,29.1,31.7,31.2,31.1,31,27.9,32.2,29.3,30.1,32.1,30.9
"ssp585",2049,33.4,31.7,30.7,29.2,31.3,28.5,31,30.4,27.7,31.4,30.5,31.1,31.8,30.7
"ssp585",2050,33.5,32.1,30.7,29.3,32.2,27.6,31.7,32.5,27.8,32.4,30,32,33,31.1
"ssp585",2051,33.7,32,30.9,29.9,32.2,29.5,31.9,31.7,28,31.8,29.8,29.7,32.8,31.1
"ssp585",2052,33.2,30.3,30.7,29.4,31.5,29.9,30.9,31.3,28.3,32.6,30.7,30.8,32.5,30.9
"ssp585",2053,33.5,31.7,30.8,29.7,32,28.8,31.2,30.9,27.9,32,30.8,30,32.7,30.9
"ssp585",2054,34.3,31.5,31.1,29.2,31.8,30.3,31.7,30.5,27.9,32.1,30.3,31.7,32.9,31.2
"ssp585",2055,33.4,33.1,31.2,29.7,31.9,28.7,31.9,31.4,28,32.6,30.7,31,32.9,31.3
"ssp585",2056,33.9,32.4,31.2,29.6,32.3,29.4,32,32.5,28.2,32.2,31.3,31.4,33.2,31.5
"ssp585",2057,34.4,32.1,31.1,30.5,32.6,30.2,31.3,32.8,28.3,32.9,31.4,30.3,33.3,31.6
"ssp585",2058,34.1,31.3,31.3,29.7,32,30.4,31.4,31.1,28.5,32.6,30.5,31.9,32.7,31.3
"ssp585",2059,33.9,31.7,31.4,30.5,33,28.6,31.2,32.1,28.4,32.6,30.8,31.2,33.3,31.4
"ssp585",2060,34.6,32.6,31.5,30.2,32,30.9,31.6,31.5,28.6,32.7,31.5,31,33.6,31.7
"ssp585",2061,34.7,33.4,31.6,30.1,33.6,31.8,31.8,31,28.6,33.7,31.4,30.8,33,32
"ssp585",2062,33.6,32.9,31.8,29.9,32.8,29.5,32.3,33.5,28.4,33.5,31.3,32.3,33.9,32
"ssp585",2063,34.8,31.9,32,30.1,32.4,30.6,31.5,32.8,28.7,32.8,30.2,31.9,34.2,31.8
"ssp585",2064,35,33.4,31.8,30.5,31.8,30.5,32,33,28.8,33.3,31.4,31,33.4,32
"ssp585",2065,35,33.3,32.2,30.1,32.9,29.8,32.1,32.2,28.9,32.6,31.6,31.7,33.6,32
"ssp585",2066,34.8,31.9,32,30.5,33.4,30,32,31,29,33.1,31.6,32.9,34.6,32.1
"ssp585",2067,35.5,31.5,32.2,30.6,33.1,29.6,32.5,31.9,29.2,32.9,31.6,32,34.1,32.1
"ssp585",2068,34.8,32.7,32.1,30.5,32.8,31.2,32.4,32.4,29.3,32.4,30.5,32,34.5,32.1
"ssp585",2069,35.5,33.7,32.6,30.8,34.4,30.7,32.1,32.4,29.3,33.3,31,32.4,34.3,32.5
"ssp585",2070,35.3,33.9,33.2,31.1,34.2,32.2,32.9,32.3,29.2,33.7,30.8,32.5,33.8,32.7
"ssp585",2071,35.8,34,32.4,30.6,33.1,30.8,32.8,33.1,29.4,33.6,31.4,32.1,34.7,32.6
"ssp585",2072,35.8,33,32.6,30.9,33.7,31.5,32.6,34.4,29.5,33.4,30.5,31.2,34.8,32.6
"ssp585",2073,35.5,33.5,32.9,30.7,34.3,30.9,32.6,32.9,29.3,33.5,32,32.3,34.8,32.7
"ssp585",2074,35.6,34.1,32.9,31.3,33.9,32.2,33,32.5,29.5,33.8,31.8,32,34.6,32.9
"ssp585",2075,35.9,34,33.2,30.9,34.5,28.7,32.7,30.3,29.8,33.8,32.8,33.1,35.3,32.7
"ssp585",2076,35.6,34.4,33.1,31.4,34,31.3,32.3,33.6,29.8,33.7,31.6,32.1,34.9,32.9
"ssp585",2077,36.2,33.1,33.3,31.7,33.1,31.2,33,31.4,29.9,33.5,30.2,32.5,35.3,32.6
"ssp585",2078,36,32.9,33.2,31.3,34.1,31.1,32.9,33.3,30.3,33,31.1,32.6,35.4,32.9
"ssp585",2079,36.4,33.8,33.6,31.5,33.7,31.9,32.6,32.2,30.1,34.7,31.1,32.8,35.2,33
"ssp585",2080,36.6,32.6,33.7,31.3,34.4,32.1,33,31.9,30.1,33.7,31.1,32.6,35.5,33
"ssp585",2081,36.5,34.7,33.5,31.9,33.8,32.2,33.3,32,30.1,33.4,31.7,33.4,35.8,33.3
"ssp585",2082,36.3,32.2,33.7,31.6,34.7,32.1,32.7,33.9,30.1,34.2,32.5,31.8,35.9,33.2
"ssp585",2083,36.7,33.6,33.8,32.4,34.1,31.8,33,33,31.1,34.6,31.4,32.7,35.7,33.4
"ssp585",2084,36.4,33.7,33.8,32.4,34.9,31.6,33.1,32.8,30.8,34.8,31.6,31.8,35.8,33.3
"ssp585",2085,37,34.4,34,32,34.9,31.6,33.2,33.5,30.6,34.2,32.7,32.9,36,33.6
"ssp585",2086,36.9,32.7,34.2,32.7,34.6,32.8,33.5,31.2,31,34.3,32.6,32.7,35.8,33.5
"ssp585",2087,36.7,34.1,34,32.7,35.1,32.6,33.1,32,31.3,34.7,33.4,31.5,35.8,33.6
"ssp585",2088,36.8,35,34.7,31.8,35,32.7,33.8,33.8,31.3,34.9,32.8,34,36.5,34.1
"ssp585",2089,36.9,34.2,34.5,32.5,35.2,31,33.2,32.9,31.7,34.2,33.1,33.4,36.7,33.8
"ssp585",2090,36.8,34.9,35,32.3,35.1,32,33.2,34.3,31.6,34.1,32.3,33.6,36.1,33.9
"ssp585",2091,37.2,34.2,35,32.4,35.2,31.9,32.5,34,31.6,35.5,33,33,36.2,34
"ssp585",2092,37.2,33.7,35,32.2,34.8,31.8,33.2,32.8,31.3,36.2,33.1,33.5,36.3,33.9
"ssp585",2093,37.5,35.5,35,32.4,35.9,32.7,33.4,33.8,31.2,35.9,33,34.7,36.7,34.4
"ssp585",2094,37.8,32.6,35.2,33,35.8,32.4,33.7,34.1,31.8,36,33.4,32.6,36.4,34.2
"ssp585",2095,37.6,33.1,35,33.4,35.1,31.1,33.7,33.8,31.5,35.9,32.8,32.5,36.7,34
"ssp585",2096,37,34.5,35.2,34,36.3,33.4,34.1,30.8,31.7,35.7,32.9,32.9,37.2,34.3
"ssp585",2097,37.6,35.7,35.1,32.9,35.7,31.4,33.1,31.9,31.5,35.9,33.3,34.3,36.8,34.2
"ssp585",2098,37.6,35.5,35.2,33.3,34.9,33,34,33.6,32.6,34.8,33.9,35.2,37.4,34.7
"ssp585",2099,37.6,33.9,35.6,33.8,34.8,32.3,33.9,34.2,32.1,35.3,33.2,34.9,37.1,34.5
"ssp585",2100,38.2,35.5,35.4,33.4,35.6,33.1,34.1,33.2,32.1,36.5,33.1,34,37.2,34.7
