"Year","Tmax01","Tmax02","Tmax03","Tmax04","Tmax05","Tmax06","Tmax07","Tmax08","Tmax09","Tmax10","Tmax11","Tmax12","Tmin01","Tmin02","Tmin03","Tmin04","Tmin05","Tmin06","Tmin07","Tmin08","Tmin09","Tmin10","Tmin11","Tmin12","PPT01","PPT02","PPT03","PPT04","PPT05","PPT06","PPT07","PPT08","PPT09","PPT10","PPT11","PPT12","Tave01","Tave02","Tave03","Tave04","Tave05","Tave06","Tave07","Tave08","Tave09","Tave10","Tave11","Tave12","Tmax_wt","Tmax_sp","Tmax_sm","Tmax_at","Tmin_wt","Tmin_sp","Tmin_sm","Tmin_at","PPT_wt","PPT_sp","PPT_sm","PPT_at","Tave_wt","Tave_sp","Tave_sm","Tave_at"
"1979",-3.81896263954196,1.53269941140127,10.3983683364651,16.0169406981265,21.2277187546283,27.2063254116836,29.5566797916358,28.5541941855191,26.3861727023012,20.2677213406676,8.93687000726639,7.65668936634518,-12.4247657522771,-8.99511303653082,0.292049028297194,5.17451056168545,10.2428205011015,16.1484492442054,19.557856526307,18.3563120475878,14.9878556237967,9.26122450986747,0.00602220291212286,-2.36997171555648,58.874595049527,48.4736387956753,89.956766926166,97.8525341300832,108.506957261152,85.8410455427746,99.5195671855869,75.4700072692603,44.7327491555719,65.9367746935597,48.4289547744493,34.3994765822727,-8.12186419590952,-3.73120681256477,5.34520868238117,10.595725629906,15.7352696278649,21.6773873279445,24.5572681589714,23.4552531165535,20.6870141630489,14.7644729252675,4.47144610508926,2.64335882539435,1.79014204606816,15.8810092630733,28.4390664629462,18.5302546834117,-7.92995016812146,5.2364600303614,18.0208726060334,8.08503411219209,141.747710427475,296.316258317401,260.830619997622,159.098478623581,-3.06990406102665,10.5587346467174,23.2299695344898,13.3076443978019
"1980",3.31442234708237,4.2680274131739,9.9216201276011,18.1548461046264,23.8099388375667,29.4066718946701,32.9984902621446,30.4976100831235,26.3964905074423,18.0660675193461,11.6550870633239,6.63832553664657,-5.73234401901749,-5.7710899606135,-1.33529501096895,5.70935686301283,12.3241375529936,17.8699123581439,21.4765705126722,20.1487693461197,15.916612438907,7.53833033846455,2.2714449769513,-3.35316815850857,52.5256859090607,35.8625777586519,82.6114444080873,70.6529833088956,101.51334407293,74.2916958616225,45.4314362796519,84.1758322149048,82.9316016444683,54.6022853430905,37.3835450477492,30.7063602649767,-1.20896083596756,-0.751531273719801,4.29316255831608,11.9321014838196,18.0670381952801,23.638292126407,27.2375303874084,25.3231897146216,21.1565514731746,12.8021989289053,6.96326602013757,1.642578689069,5.07971304220048,17.2954683565981,30.9675907466461,18.7058816967041,-4.62446856506249,5.56606646834582,19.8317507389786,8.57546258477429,122.787740249985,254.777771789913,203.898964356179,174.917432035308,0.227622238568996,11.4307674124719,25.3996707428123,13.6406721407392
"1981",5.35040639000484,7.94474941452535,12.8994628616984,21.0980740370909,21.8429543156195,27.8617238121575,30.2070959009831,28.4765358296616,25.434695044061,17.6008870924819,13.1270231852599,4.7319230644624,-4.67711907698643,-3.24900272604411,1.80351837302838,9.20554071941649,11.2902870503647,17.4060392117614,20.3633936298967,18.7967186227229,14.8116840380628,8.8327351791599,3.77232738332163,-3.86045439661394,17.8666280530271,41.236282020284,60.5703802278621,64.5949862184559,119.774403688509,115.032358018359,96.8394837666069,90.1332520991807,55.3345161289312,97.0773481695485,50.3724815746851,27.8118593209889,0.336643656509205,2.34787334424062,7.3514906173634,15.1518073782537,16.5666206829921,22.6338815119594,25.2852447654399,23.6366272261923,20.1231895410619,13.2168111358209,8.44967528429079,0.435734333924231,6.64449378039225,18.6134970714696,28.8484518476007,18.720868440601,-3.75976332051304,7.43311538093654,18.8553838214603,9.13891553351478,89.8092703382877,244.939770134827,302.005093884147,202.784345873165,1.44236522993961,13.0233062262031,23.8519178345305,13.9298919870579
"1982",0.656389223794824,4.14245174462199,11.3459133057798,16.5174599019272,22.7048014708605,25.1024819902899,30.0321904910119,29.37497052378,24.868128135645,18.4660088561723,10.0064811815018,6.34673866886665,-10.631904305553,-6.38190588205344,0.821407603765574,4.81468233949203,12.63864795269,14.9997284947979,19.8349235064611,19.435987456263,14.9804713533953,8.7277212133905,1.41425732074758,-1.91247509418503,57.1391691606309,35.7857276381773,62.7316043226399,73.1629299334255,152.256292427153,108.38245988605,87.5209596742969,76.0392883151684,63.4310610053875,80.6935946653228,69.8176806136608,93.7994477931648,-4.98775754087907,-1.11972706871573,6.08366045477268,10.6660711207096,17.6717247117752,20.0511052425439,24.9335569987365,24.4054789900215,19.9242997445202,13.5968650347814,5.71036925112469,2.21713178734081,3.17692134429307,16.8560582261892,28.169881001694,17.780206057773,-6.95808819474012,6.09157929864919,18.0902131525073,8.37414996251113,120.736756119797,288.150826683218,271.942707875515,213.942336284371,-1.89058342522352,11.4738187624192,23.1300470771006,13.0771780101421
"1983",4.21886405764035,7.05300981422173,10.3512858747871,14.4034433373908,20.9627566369224,26.3563772481765,31.3283438009109,32.2438443296894,26.0820595402288,18.8105897442425,11.1005920410156,-2.99227992053278,-4.34126495795225,-2.11052671314978,1.00918515463013,3.72839236869633,9.92645367807689,15.8035505972768,20.6359192183798,21.4787920188,15.3939445604081,9.70483968291805,3.17257019332237,-11.3231494921643,38.8061150304462,49.215744872224,85.6289666621357,87.898554465782,124.361638700417,104.552365313681,53.1862772464084,57.5906944033851,60.0302017926155,78.4112852278896,88.7652290678777,51.0691607459112,-0.0612004501559498,2.47124155053598,5.68023551470863,9.06591785304357,15.4446051574997,21.0799639227266,25.9821315096453,26.8613181742447,20.7380020503184,14.2577147135803,7.13658111716901,-7.15771470634856,5.87287084690958,15.2391619497001,29.9761884595922,18.6644137751623,-2.78808892176236,4.88801040046779,19.3060872781522,9.42378481221616,181.821307695835,297.889159828335,215.329336963475,227.206716088383,1.54239096257361,10.0635861750839,24.6411378688722,14.0440992936892
"1984",2.02561931881297,8.86615212969308,9.29965212853601,16.4229058288285,22.6558784376389,27.6755458452126,30.0465170620742,30.4471511913137,23.8293866921375,17.7689520524012,10.8229550329995,6.11888040117745,-7.52057295523546,-1.49375997968192,-1.05737541885735,5.58609668315872,11.1534726979043,17.37623082744,19.2641588256258,19.767408094361,13.5086421731524,9.29012746223344,1.87091686375336,-3.01479484955844,30.7255002573161,49.6783134165465,84.3984919379772,106.57714195886,83.4690266435578,100.352391405296,55.0253613224646,61.18174994067,62.7286183717881,140.651037013881,53.6376835817804,70.2196861047329,-2.74747681821125,3.68619607500558,4.12113835483933,11.0045012559936,16.9046755677716,22.5258883363263,24.65533794385,25.1072796428373,18.669014432645,13.5295397573173,6.34693594837643,1.55204277580951,2.63316384265775,16.1261454650011,29.3897380328668,17.4737645925127,-6.77916080902724,5.2273979874019,18.8025992491423,8.2232288330464,131.472974419774,274.444660540395,216.55950266843,257.01733896745,-2.07299848318474,10.6767717262015,24.0961686410045,12.8484967127796
"1985",0.749305443063189,3.68362230056837,13.1446197943665,19.7295691901474,24.4614886098564,26.7324677236837,30.3504450359616,28.6112797886275,23.6621014491077,17.9285275716917,7.8794467437889,1.45437040645367,-9.41445857766678,-6.78650031067182,2.4129809628166,7.8736129977692,13.0568798770272,15.7754541189185,19.3169538886626,18.4677443083994,14.5620338765366,8.92411817216198,-0.207500555390973,-8.29826956654045,39.0436516979393,52.4839179676535,85.3234696716194,78.0812576573157,81.666476410423,91.1766931277223,68.7167677236335,92.8022656420158,109.111403176888,96.4072481863713,78.208755275154,38.1788054137282,-4.3325765673018,-1.55143900505172,7.77880037859155,13.8015910939583,18.7591842434418,21.2539609213011,24.8336994623121,23.5395120485134,19.1120676628221,13.4263228719269,3.83597309419896,-3.42194958004339,3.517269381603,19.1118925314568,28.5647308494243,16.4900252548628,-6.40525124596568,7.781157945871,17.8533841053268,7.7595504977692,161.747255770326,245.071203739358,252.695726493372,283.727406638413,-1.44399093218134,13.4465252386639,23.2090574773756,12.124787876316
"1986",6.74844927313206,6.09441166737636,14.7248099810704,18.9713483620594,23.1662130202163,27.9151900015736,30.8137566878333,28.1304046486227,24.1498711030065,17.8499242990503,8.95993128772033,5.36290017078275,-3.79102064376756,-3.87579488889864,2.77452383900143,7.59574518429727,12.4238687379666,17.7852434926689,20.5004209111652,18.0585177019309,15.6993908922819,8.86995540094604,0.0121640463011187,-2.78724943766659,16.2684026534455,45.3986934088397,43.2886229350752,104.82614231958,117.136550441101,105.508028965452,80.2461255829637,83.3501048274371,127.170061368177,92.7640423934269,71.292731354247,43.2904341559871,1.47871431468225,1.10930838923886,8.74966691003594,13.2835467731783,17.7950408790914,22.8502167471212,25.6570887994992,23.0944611752768,19.9246309976442,13.3599398499982,4.48604766701072,1.28782536655808,4.76574378232069,18.954123787782,28.9531171126765,16.9865755632591,-5.32169503306888,7.59804592042175,18.781394035255,8.19383677984303,99.8459014760134,265.251315695756,269.104259375853,291.226835115851,-0.277975625374095,13.2760848541019,23.8672555739658,12.590206171551
"1987",4.69737861235562,8.65932970092197,11.5651292267569,20.4029238153973,25.0399307034027,28.5710236897401,30.4921911447534,28.9938774506628,25.0890134404621,17.8779086289248,12.0328137438444,5.93435642911362,-4.44711549587157,-0.465495177354835,0.77956728099084,6.69980650987673,14.2526909561519,17.7237278075015,20.11338446016,19.1393506380054,14.5295474373334,7.25030141532141,3.56752840014998,-2.12034319113779,38.2376661534797,74.9362856785613,79.5932199140035,32.2718534438476,117.155196946512,83.5718717790204,82.611243556236,93.2976362470348,65.3608542714175,34.8638512953615,69.9417222376336,74.7725869856402,0.125131558242025,4.09691726178357,6.17234825387387,13.551365162637,19.6463108297773,23.1473757486208,25.3027878024567,24.0666140443341,19.8092804388978,12.5641050221231,7.80017107199721,1.90700661898792,6.23986949468678,19.002661248519,29.3523640950521,18.3332452710771,-2.56662003696433,7.24402158233982,18.992154301889,8.44912575093493,156.464385988028,229.020270304363,259.480751582291,170.166427804413,1.83662472886122,13.1233414154294,24.1722591984705,13.391185511006
"1988",1.19913387931356,5.26602705101269,12.1521444167006,18.9039842650789,25.00718051133,30.7632111318869,30.8743669988985,30.8962143450552,25.6062733148512,17.8569171923597,12.0154263320128,6.51355295768849,-8.48205345117648,-6.2443791683251,0.349766041543269,5.73514904727305,13.004846885645,18.7414910339066,20.0729136390144,20.274988226868,15.18387937139,7.69853197432245,2.6576028109727,-3.21623564082862,38.8878399023722,30.6973684380649,74.5716557572571,61.596496985287,73.0943379781906,53.4060196619993,76.872657152898,76.1002422956214,94.6282163677269,36.9251034039817,59.9627270443203,44.0854132125445,-3.64145978593146,-0.489176058656209,6.25095522912195,12.319566656176,19.0060136984875,24.7523510828968,25.4736403189564,25.5856012859616,20.3950763431206,12.7777245833411,7.33651457149273,1.64865865842993,4.13317245314662,18.6877697310365,30.8445974919469,18.4928722797412,-5.61559193687979,6.36325399148711,19.6964642999297,8.51333805222838,144.357795326077,209.262490720735,206.378919110519,191.516046816029,-0.741209741866585,12.5255118612618,25.2705308959383,13.5031051659848
"1989",7.07442985643145,1.67928443655586,11.5209519806632,18.8222064990003,23.745178540849,26.3518758909397,30.3716171770864,29.0205474130351,24.2995028961327,20.1888187643476,11.917670979432,1.37193401029327,-3.04403515856411,-8.08514087550446,-0.628210102099355,6.66479674425173,12.2730329034453,15.8301407800467,19.9942538726952,19.0846809278732,13.8321868751852,8.95067433723344,1.53374590399143,-8.86047870943329,48.4003841648429,49.5765506978564,65.8209450444719,47.2872184546194,108.876825591287,133.191002176421,74.8134804991906,84.3309424520179,75.1633434225386,35.9030628374251,27.8141073289982,24.9560476705306,2.01519734893367,-3.2029282194743,5.4463709392819,12.743501621626,18.0091057221472,21.0910083354932,25.1829355248908,24.0526141704541,19.0658448856589,14.5697465507905,6.72570844171174,-3.74427234957001,5.0890890835586,18.0294456735042,28.5813468270204,18.8019975466374,-4.78180389163239,6.10320651519922,18.3030251935384,8.10553570547001,142.062348075244,221.984989090378,292.33542512763,138.880513588962,0.153642595963102,12.0663260943517,23.4421860102794,13.4537666260537
"1990",8.13928185051654,8.30842363258111,12.4826968224693,17.8460192639681,21.9086777239614,29.2817552611726,29.2977581006091,29.8503611198534,26.9532782242762,19.3045649379351,13.9043958618743,4.45018351044137,-2.050829326033,-2.6006158476192,2.14379281138924,6.23479307635703,11.1548498072331,18.34115753897,19.26315779121,19.2827329518106,16.5222408059649,7.85570707637554,3.75253596735229,-5.53540707267289,56.2962840385713,66.1523128148931,99.9291198936697,85.6588726459949,126.743817126866,90.3745052465806,82.3240141700446,61.5151859390366,59.4734142843956,56.1591464046265,53.6899385319734,54.7153564242142,3.04422626224177,2.85390389248095,7.31324481692927,12.0404061701626,16.5317637655973,23.8114564000713,24.2804579459096,24.566547035832,21.7377595151205,13.5801360071553,8.82846591461329,-0.542611781115758,5.93987983113031,17.4124646034663,29.4766248272117,20.0540796746952,-4.50397462769517,6.51114523165978,18.9623494273302,9.37682794989759,147.404644523995,312.331809666531,234.213705355662,169.322499220995,0.717952601717569,11.961804917563,24.219487127271,14.7154538122964
"1991",1.87683782351528,10.1011762718454,13.8662240123297,19.2092503262922,24.1594081788267,28.4178664076385,29.9825823020031,29.6844690114966,24.3689043234875,19.4704668813407,7.62032004984636,6.43679624439983,-7.36949525082844,-1.36188872278582,2.02020610791249,8.09797389315205,14.2103414960382,18.5402859222268,19.7839822055039,19.3912748074645,14.7028867314777,8.56053805238265,-1.14725882724561,-1.88865825056462,52.2064893836954,34.4618871737071,60.9003350062249,121.860449229842,133.434466209199,94.3864460679221,74.6624250191162,73.7264774215597,87.9589030828097,75.2101802828521,73.4008318616046,71.54199565545,-2.74632871365658,4.36964377452979,7.9432150601211,13.6536121097221,19.1848748374324,23.4790761649326,24.8832822537535,24.5378719094805,19.5358955274826,14.0155024668617,3.23653061130038,2.2740689969176,5.47606586860068,19.0782941724829,29.3616392403794,17.1532304182249,-4.75559701542905,8.10950716570093,19.2385143117317,7.37205531887159,141.383732981617,316.195250445265,242.775348508598,236.569915227266,0.360234426585818,13.5939006690919,24.3000767760556,12.2626428685482
"1992",5.94819905791805,9.46788518101121,13.4913849021586,17.8261848919765,23.2554443648641,25.87313162998,27.6993840077477,26.839601634238,25.1914669669635,19.5759648761478,8.06352217977083,4.26539228538769,-3.326695707059,-0.356889249250199,2.32526517027365,6.39000339598455,12.0152365734227,15.8228540212622,18.1013662329217,16.8225633087882,14.6725773671227,8.72855968023366,0.85501000282326,-4.3594202412248,47.3736731598007,51.752390997093,66.1175128641611,69.2341095924883,79.4230393164403,113.166973021839,110.87125077026,83.6079713318528,69.0660242678739,35.7612906076654,95.2818050530355,59.1385376961599,1.31075167542953,4.5554979658805,7.90832503621614,12.1080941439805,17.6353404691434,20.8479928256211,22.9003751203347,21.8310824715131,19.9320221670431,14.1522622781907,4.45926609129705,-0.047013977918557,7.28429349444303,18.1910047196664,26.8040390906553,17.6103180076274,-1.85741440229127,6.91016837989363,16.9155945209907,8.08538235005988,170.668059812344,214.77466177309,307.646195123952,200.109119928575,2.71343954607588,12.55058654978,21.859816805823,12.8478501788436
"1993",2.26713595277328,3.68654762014961,10.7750096614892,16.2078490343139,22.2644578111115,26.3067759437019,28.9713492298578,29.0947862959586,23.7040800121723,17.5209380091084,8.79662186319796,5.73243613582089,-6.68604295197254,-5.82944016298409,0.0707385022493562,5.13708750647958,11.6244529687963,16.4027756243521,19.5982382245539,19.4521470779491,13.1150673238022,7.39469957396885,-0.521087530777895,-2.98000308936239,56.6678364254133,47.4791777234653,63.7872585537402,91.6562498968108,118.028542681176,129.924063048032,129.215845317765,89.4377299255892,83.118776434931,60.8992446804313,55.6121863500917,38.1717237023269,-2.20945349959963,-1.07144627141724,5.42287408186928,10.6724682703968,16.9444553899539,21.354775784027,24.2847937272059,24.2734666869539,18.4095736679873,12.4578187915386,4.13776716621004,1.37621652322925,3.40635861943686,16.4157721689716,28.1243038231728,16.6738799614929,-5.62496778539381,5.61075965917508,18.4843869756184,6.66289312233106,163.285551845039,273.472051131727,348.577638291386,199.630207465454,-1.10930458297848,11.0132659140733,23.3043453993956,11.668386541912
"1994",0.695251450380466,3.77988584979453,13.3723799429799,18.6932319243373,23.6922671638959,29.0856090961475,29.1976139592899,29.0951993101581,25.8054346455217,18.9689107741225,12.085571028723,6.50937786373484,-8.78658710497813,-6.9088090797171,1.54145522275809,6.42400634187095,12.4645526325533,18.4631816267402,18.9933213365022,18.7063130310927,15.1470534193573,10.1648050172634,3.50125932015516,-1.99513758076308,45.4765980854278,42.6780517532611,44.5815739116835,95.6134119479899,80.7963015461976,90.9689661991006,95.8337808668699,74.9306758218257,58.7741428074731,92.2729253215534,67.6899935409617,42.6408204757355,-4.04566782729883,-1.56446161496129,7.45691758286899,12.5586191331041,18.0784098982246,23.7743953614439,24.095467647896,23.9007561706254,20.4762440324395,14.566857895693,7.79341517443908,2.25712014148588,3.40252447866529,18.585959677071,29.1261407885318,18.9533054827891,-6.22513309135254,6.81000473239413,18.7209386647784,9.60437258559195,126.326373541016,220.991287405871,261.733422887796,218.737061669988,-1.41130430634362,12.6979822047326,23.9235397266551,14.2788390341905
"1995",3.9275827995409,7.75754113943093,11.616552734375,16.0068150235579,21.0790067121316,26.9792690186704,30.098429024502,31.003676659462,24.5512931064407,18.8015888810723,10.3341805263718,4.46113318854601,-5.02748077537209,-3.10793733280415,1.21824106514739,4.80939623213495,11.0699225692388,16.6298137068184,19.600388600137,20.7376926801781,14.4074847036064,8.54617474452017,0.0946253482764593,-4.14529401589342,45.7421448765603,25.5019313549689,77.9084115710399,102.179734662955,155.648446593751,93.2669996822438,89.365980686632,74.5931915854853,74.5203023800136,56.3848278859657,39.8456497269672,41.1804192197658,-0.549948987915595,2.32480190331339,6.41739689976121,10.4081056278464,16.0744646406852,21.8045413627444,24.8494088123195,25.8706846698201,19.4793889050235,13.6738818127962,5.21440293732415,0.157919586326297,6.06483393423556,16.2341248233548,29.3604582342115,17.8956875046283,-3.37685189631311,5.6991866221737,18.9892983290445,7.68276159880099,113.884896707265,335.736592827747,257.226171954361,170.750779992947,1.34399101896123,10.9666557227643,24.174878281628,12.7892245517146
"1996",1.80827069757111,7.42855710576498,8.95118234643441,17.4606728793321,23.3238172196664,27.8773724162748,29.0124394276696,28.5906517860449,23.6631681758646,18.7009288046598,7.62924576167249,3.87208113105378,-9.02234507194625,-4.09088101500016,-2.88242300313794,5.0503209697127,12.8202905446997,17.4591922995039,19.1665999715362,18.8508121725508,14.1483456290729,8.59506564027327,-0.720824558926962,-5.35455948526823,44.5352974233079,19.3461542012249,48.9236035628931,61.1112903933002,105.79944398736,90.5600876295807,93.9974115011657,93.6683450559302,97.3083785182236,63.9535063614112,84.7348590924623,33.9399975284398,-3.60703718718757,1.66883804538241,3.03437967164824,11.2554969245224,18.0720538821831,22.6682823578894,24.0895196996029,23.7207319792978,18.9057569024687,13.6479972224665,3.45421060137276,-0.741239177107223,4.56598699729403,16.578557481811,28.4934878766631,16.6644475807323,-5.75284003427994,4.9960628370915,18.492201481197,7.3408622368064,105.061870844299,215.834337943553,278.225844186677,245.996743972097,-0.593426518492955,10.7873101594512,23.49284467893,12.0026549087693
"1997",1.594952103312,5.65746630627964,12.6369285258072,14.2568844763589,21.3430951882313,27.2944603219417,29.8843211386441,28.4722798858209,26.2872636117077,18.7633743069183,8.40742138324758,4.89883885677394,-7.99296873553667,-3.06663355533543,1.0548478691499,3.41226806640627,10.279948967667,17.0333195256961,19.7382747125852,18.6143605019809,16.0640389826626,8.96430241733933,0.272929114753059,-2.53221840519473,40.6078600996285,73.360933559585,55.0233630530068,110.118665089676,91.4968693899256,98.3945280633496,81.0784637443865,77.3874181505928,60.717192776275,79.1965100631202,43.6954202187817,53.1137291700404,-3.19900831611233,1.29541637547211,6.84588819747855,8.83457627138258,15.8115220779491,22.1638899238189,24.8112979256147,23.5433201939009,21.1756512971851,13.8638383621288,4.34017524900032,1.1833102257896,3.70816651354848,16.0789693967991,28.5503537821356,17.8193531006245,-5.47138725871345,4.9156883010744,18.4619849134207,8.43375683825165,147.908791187653,256.638897532609,256.860409958329,183.609123058177,-0.881610372582484,10.4973288489368,23.5061693477782,13.1265549694381
"1998",4.87496230862154,8.61073429053431,8.53644828615598,17.8346959118595,25.8646529211252,27.6720076574534,30.80639558765,29.899679579893,28.1284641356265,19.0244591012385,11.761865089742,6.28007074871337,-3.95824702113723,-0.0860046097452379,-1.0581666485393,6.28706780745522,13.9993584655473,17.2063227215085,20.8477607040044,19.8857243108524,17.5059472540544,9.98384084113968,3.84457669371115,-2.80122987286172,58.3377733746326,61.3132339402078,89.9702210506751,61.5625079004375,73.1643139233099,102.465301968093,70.8229599350907,71.7217513858434,70.6062155483791,110.035897790172,71.8728727746592,39.5260558116456,0.458357643742155,4.26236484039454,3.73914081880834,12.0608818596573,19.9320056933363,22.4391651894809,25.8270781458272,24.8927019453727,22.8172056948404,14.5041499711891,7.80322089172655,1.73942043792582,6.12817848530993,17.4119323730469,29.4593609416655,19.6382627755357,-2.1921566786924,6.40941987482106,19.3132692454551,10.4447882629684,172.764736484881,224.697042874422,245.010013289027,252.51498611321,1.96801090330876,11.910676123934,24.3863150935603,15.041525519252
"1999",4.10283009316686,10.3917327157694,11.7903434283361,17.8863895651289,22.7387566010534,26.5714217778066,30.6087024272901,30.2196399272901,24.3254791404399,19.5489351534731,15.9266043857376,7.56201990498188,-5.72152304988334,-0.217129241798704,1.06611322339679,7.20809517087532,12.2564871982376,17.011181640625,20.4441997799263,19.5977318930965,13.9602650429965,8.22623395151439,4.97411837464827,-1.98749386755774,62.6580622382087,26.2062451211,66.6258362142708,108.283725967719,120.743889948331,109.427020829325,66.4488326353451,55.1636898718963,64.5235481109775,36.8079812610144,15.6185007495465,43.2209106287778,-0.809346478358242,5.08730173698536,6.42822832586643,12.5472423680021,17.4976218996455,21.7913017092158,25.5264511036082,24.9086859101933,19.1428720917182,13.8875845524937,10.4503613801929,2.78726301871207,6.92487785254988,17.4718298648395,29.1332547107956,19.9336728932168,-2.91329405484792,6.84356519750323,19.0177044378826,9.05353912305307,128.390363170954,295.653452130321,231.039543336567,116.950030121538,2.00579189885098,12.1576975311713,24.0754795743391,14.493606008135
"2000",5.47994529398699,10.5419413923652,14.3684903836364,18.3762277033657,24.9173725146253,26.4921724870872,30.3255274478858,31.576285209475,26.8415363619113,19.6324968527844,6.87886054594937,-0.744063853765528,-4.49696130255385,-0.620079669681183,3.12425054034918,6.26062468759259,13.6485243955495,16.5214065045542,19.9490650628981,20.6617804215418,15.3538422354025,10.1032233794154,-0.903080915839728,-9.89602351618037,29.8646665931077,36.0677849522087,74.6046479321604,68.5056001234853,94.7672502654486,125.402121573203,65.024277353302,41.5895495189741,43.0170087522336,67.7960757543669,95.1913085565996,43.8353753634353,0.49149199571657,4.96093086134203,8.74637046199276,12.3184261954791,19.2829484550874,21.5067894958207,25.1372962553919,26.1190328155084,21.0976892986569,14.8678601160999,2.98788981505482,-5.32004368497295,7.86130219711137,19.2206968672091,29.464661714816,17.784297920215,-2.36817827993092,7.67779987449709,19.0440839963314,8.18466156632605,109.153362174094,237.877498321094,232.015948445479,206.0043930632,2.74656195859022,13.4492483708531,24.2543728555737,12.9844797432705
"2001",3.43567368927727,3.92901423305134,8.96738385385814,19.1251049746834,23.4701527672357,27.4188450239281,31.3170515449126,30.3413817491577,24.7276074739429,18.4570197950607,14.6776016596934,6.66867476187613,-5.32668662410209,-6.1422028744955,-0.976841352562181,7.89994188643182,12.7328572205458,16.7948289916414,21.046787699478,20.0520550045357,14.6617096959697,8.11805090158474,5.28183047036991,-2.01679201532877,50.9529907179122,69.1335196821714,59.7105725154985,79.2617544102023,112.252422248899,95.1236237795809,73.1153827980263,64.0804798437806,72.0414670578191,62.8241366093987,60.4832534681315,47.426400568746,-0.945506467412411,-1.10659432072208,3.99527125064798,13.5125234305576,18.1015049938907,22.1068370077848,26.1819196221953,25.1967183768467,19.6946585849563,13.2875353483227,9.97971606503168,2.32594137327368,2.20687468952103,17.1875471985924,29.6924261059995,19.287409642899,-7.12163767159265,6.55198591813848,19.2978905652184,9.35386368930813,163.921885763519,251.2247491746,232.319486421388,195.348857135349,-2.45738149103581,11.8697665583654,24.4951583356089,14.3206366661036
"2002",6.29866790048321,7.88421040756445,9.22927538252557,18.6043691336826,22.2824641367836,28.827221419348,30.9884627355784,29.5335288965307,26.0815603825719,14.8656873657805,9.94560034873929,6.22306110689428,-3.39440647504904,-3.11055873491186,-2.68760257377441,7.1043256859079,10.6656422402622,18.0419743687056,20.6997977740392,19.3896874884294,15.8307200065722,6.74297444854305,1.00579732741227,-2.36001864609558,40.2451348298459,26.4200263986318,67.7883405768328,74.6201367814853,86.2461107412394,80.1698061945446,78.05992784031,79.4369798279296,63.7922165951233,97.8239587463452,27.3458825500039,56.8011597517389,1.45213071271709,2.3868258363263,3.27083640437558,12.8543474097953,16.4740531885229,23.4345978940268,25.8441302548088,24.46160819248,20.956140194572,10.8043309071618,5.47569883807578,1.93152123039935,6.9505176899746,16.7053695509973,29.7830710171523,16.9642826990306,-2.84058574176322,5.02745511746522,19.3771532103914,7.85983059417582,114.091561797224,228.654588099557,237.666713862784,188.962057891472,2.05496597410569,10.8664123342312,24.5801121137719,12.4120566466032
"2003",3.87635923268108,4.12722107222862,11.6554137894328,18.9717107836104,23.2579352645513,25.9838220966936,31.12854698145,31.0430940890199,24.3175323341695,20.4368977768162,10.4090974202088,6.58895197140664,-6.06964137362076,-6.43261563992611,-0.280312285943031,7.01970995862339,12.2171303988633,15.9096862214437,20.1664276556946,20.4866442639681,13.9524170211141,9.58130727469641,1.63705826167249,-2.38785151621739,15.783816071969,49.9035414330172,48.055785115294,69.1123289957927,98.1918897528601,117.437885227829,52.8880887265056,52.9101225726391,74.2807472008832,38.8072490858417,50.4644331413319,37.5219723956611,-1.09664107046984,-1.15269728384874,5.68755075174488,12.9957103711169,17.7375328317073,20.9467541590686,25.6474873185723,25.764869176494,19.1349746776418,15.0091025257563,6.02307784094067,2.10055022759462,4.74221380393466,17.9616866125315,29.3851543890545,18.3878425103982,-4.95409188654748,6.31884269051456,18.8542527137021,8.39026085249434,122.488517256725,215.360003863947,223.236096526974,163.552429428057,-0.105939041306411,12.140264651523,24.1197035513783,13.3890516814463
"2004",3.18575257215457,4.86078771799099,13.7892206418006,18.5214202736227,23.5494961851581,25.779890767319,28.7053166827885,27.157192660508,26.3521746450126,19.2027537558316,11.6593771694961,6.58025561870559,-6.47318991710787,-4.51882454388512,3.21668970189391,6.94036923087606,12.5114951183446,15.9405079339918,18.6772906407361,16.9822178266625,15.870847208466,10.2302119684446,3.66231591102639,-3.10870221034043,45.0308911722502,55.9895335171045,68.4694330880012,73.153524828128,103.815842439104,116.776737744227,84.68917880684,70.2786458850125,60.144330957249,89.1004234019687,91.85575138135,29.1709817010272,-1.64371867247665,0.170981587052933,8.50295517184725,12.7308947522494,18.0304956517514,20.8601993506554,23.6913036617623,22.0697052435853,21.1115109267393,14.7164828621381,7.66084654026124,1.73577670418258,4.8784974205174,18.6200457001938,27.2141333702051,19.0714351901134,-4.4599553257368,7.55618468370485,17.2000054671301,9.92112502931232,138.542397085016,245.438800355234,271.744562436079,241.100505740568,0.209271047390302,13.0881151919493,22.2070694186676,14.4962801097129
"2005",3.96180498023736,8.46213885122003,12.0103549758405,19.025287646253,22.6747530534934,28.563117062537,31.1683747350322,29.5986638507572,28.0015676200108,19.4380699989355,13.3576706438833,4.64127032383926,-5.58103098213953,-1.4433489324922,0.537927737846217,7.3988884080643,11.5088572136034,18.0282551986912,20.1962373417136,19.3593925006017,17.0092604506073,9.32110711409585,3.4391471971268,-4.01042049462194,56.5727863269604,43.9718985281766,45.9017763092509,62.4066990567371,83.7222982505314,93.2349230793704,60.2798495283604,76.9382187319805,57.498827770295,47.0954903543091,43.8691918798483,27.8518293288478,-0.809613000951084,3.50939495936391,6.27414135684336,13.2120880271586,17.0918051335484,23.2956861306141,25.6823060383729,24.4790281756795,22.505414035309,14.3795885565157,8.39840892050506,0.315424914608657,6.33473315005433,17.9034652251956,29.7767185494422,20.2657694209432,-3.37769404165739,6.48189111983797,19.1946283470021,9.92317158727663,129.715666556164,192.030773616519,230.452991339711,148.463510004452,1.47851955419847,12.1926781725168,24.4856734482222,15.0944705041099
"2006",9.90365889852083,6.79159936407733,12.3820619989911,21.8364168718528,24.5199696039137,29.4123942153714,32.3660718872649,30.4647390645827,23.9360401605543,17.8019182973564,12.4581961247594,7.36168878202757,0.242606183815929,-4.30321416628867,1.9346778037989,9.40203359884111,13.1285150175411,17.9537777290525,21.2560085784768,20.3453262401418,13.7181041554817,7.86795952241005,2.42504897275809,-1.52224743015956,33.9123553313882,28.2417824823199,69.7071778719861,74.7199710108168,61.8950177196212,53.0813234720006,54.9919526930098,79.3857561513479,73.0291781599426,72.650688192592,40.4472776208077,69.6776429101575,5.07313254116838,1.24419259889433,7.15836990139498,15.619225235347,18.8242423107274,23.683085972212,26.8110402328708,25.4050326523623,18.827072158018,12.8349389098832,7.44162254875872,2.91972067593401,7.11217619547914,19.5794828249192,30.7477350557397,18.06538486089,-2.69034282569823,8.15507547339371,19.851704182557,8.00370421688329,90.0059671425559,206.322166602424,187.459032316358,186.127143973342,2.21091668489046,13.8672791491564,25.2997196191484,13.0345445388866
"2007",3.16200014810429,3.93368229436651,15.2697140662026,16.5574158293376,23.993941262774,27.8861521354784,30.1477536748371,30.8115158876537,26.6351948381035,20.6064226340344,12.5662252851007,4.45263530134592,-5.63416376339879,-6.33271362883217,4.12693102506667,5.21662840639813,13.4055395044987,17.4869598244039,19.8881479272345,20.5563278704458,16.0890968358912,10.6963128112504,2.8627249333531,-4.49771907860632,50.0302880947391,35.8523039941682,82.2494185857378,73.209814202334,118.278220647414,105.84102595204,74.1090646748248,77.0842339114537,64.8737335580366,68.0187072858829,23.7673854475214,59.9075955103739,-1.23608180764725,-1.19951566723283,9.69832254563465,10.8870221178679,18.6997403836364,22.6865559799412,25.0179508010358,25.6839218790497,21.3621458369974,15.6513677226424,7.71447510922692,-0.0225418886301978,4.81912374149945,18.6070237194381,29.6151405659897,19.9359475857462,-4.49637494079684,7.5830329786545,19.3104785406948,9.88271152683158,155.560234999065,273.737453435486,257.034324538319,156.659826291441,0.161374400351308,13.0950283490463,24.4628095533422,14.9093295562889
"2008",3.76979213913472,6.39242119811725,12.1117737973471,17.5966226152899,22.9672456424948,28.1102295789674,30.7479948070942,29.0713993307539,24.5231412046894,18.6978880389607,11.5545938066962,4.11338052614043,-6.28381474933351,-5.16484795882236,0.33922197242486,5.44561848572647,11.4929226409768,17.1890668968454,19.8960136522049,18.9818928072238,14.4868852226655,8.55199243626891,2.51507458438243,-6.46173295296762,30.3794937369056,46.8694281477152,74.5275516292495,89.8739932505226,103.536087181364,97.6241603030236,65.1936135889291,84.2302526149819,99.0424526115892,72.0408776390584,41.1589075593273,47.867849562274,-1.25701130509939,0.613786619647442,6.22549788488598,11.5211205505082,17.2300841417358,22.6496482379064,25.3220042296496,24.0266460689888,19.5050132136775,13.6249402376148,7.03483419553931,-1.1741762134136,4.87161621286596,17.5585473517106,29.3098745722718,18.2585410167821,-5.3154605955874,5.75925436637603,18.688991118758,8.51798408110562,137.156517394995,267.937632061136,247.048026506935,212.242237809975,-0.221922191360716,11.6589008590433,23.9994328455149,13.3882625489439
"2009",3.88012394475713,8.46071320303246,12.5497567850267,17.1385996163174,23.0337494908916,27.8967108414637,28.9207811979321,28.6001741960716,25.1416835115984,14.7368665071461,13.689011126333,1.59544932288583,-7.16464981151416,-2.61079292478152,0.718709878785938,5.78905110291397,11.7752062178336,17.2419933445646,18.6003861703014,18.4649160086826,15.4207466017014,6.68046148941982,4.29316148803135,-6.40517919459047,23.5368574451041,35.5233363340902,75.621773191864,92.7178751220993,88.5741311199941,88.1606536896423,87.5460131462968,75.2545129054533,79.9032547053223,149.999237202397,28.6559823666872,69.5167908507622,-1.64226293337851,2.92496013912547,6.63423333190631,11.4638253596157,17.4044778543626,22.5693520930141,23.7605836841168,23.5325451023771,20.2812150566499,10.7086639982829,8.99108630718215,-2.40486493585232,5.48473922464334,17.5740352974119,28.4725554118224,17.8558537150258,-5.4123918964211,6.09432239984451,18.1024318411829,8.79812319305085,106.928043341468,256.913779433957,250.961179741392,258.558474274407,0.0361736641111194,11.8341788486282,23.2874936265027,13.3269884540383
"2010",1.55338863716309,2.31662800142553,12.4569999224767,20.0562404252907,23.2943644302151,28.8548909408787,30.174347907333,31.386633618974,25.7263948413433,20.8843327382165,11.876964753499,4.19649140416731,-7.09205913814886,-6.59184007689849,1.61948276899439,8.49505380928801,12.3974108944572,18.7467602770476,20.5927711233709,20.9911000907139,15.5710826132535,9.69744925114783,2.27055432649588,-4.61542422036987,46.8393703409933,45.2563686847627,54.1585459719275,70.8189986100513,97.4590042039368,106.603807582679,107.791608953804,66.6956100294668,88.1651764656544,31.5505401983565,51.3179728639538,33.5717992969928,-2.76933525049289,-2.13760603773648,7.03824134573555,14.2756471172893,17.8458876623362,23.8008256089631,25.383559515352,26.188866854844,20.6487387272984,15.2908909946822,7.07375953999743,-0.209466408101281,1.82182198715815,18.6025349259942,30.1386241557286,19.4958974443529,-6.69635946987927,7.50398249091321,20.1102104970441,9.17969539696574,161.612529876518,222.436548785916,281.09102656595,171.033689527965,-2.43726874136056,13.0532587084537,25.1244173263863,14.3377964206593
"2011",1.70518171120596,5.42705581448092,11.9156893617169,19.1482598327348,22.745596472573,29.6753242673467,32.6896754549578,32.062947928623,25.8253743682428,20.4153629538007,12.5954753279121,6.36133229043249,-7.87799967544336,-5.68098386068477,0.848734692035716,7.32027946580645,11.683334683242,18.445394333392,22.3080634962326,21.1841001682372,14.5270357394106,9.58871295079238,3.17754846364968,-2.05640660869,37.3431281566344,42.2376073956886,46.0495736908497,90.1723439196262,103.430708237023,80.1313662790761,61.423352065687,49.6770048791322,46.7951805202535,43.7108755230592,54.3828251777422,59.2647841400925,-3.0864089821187,-0.126964023101928,6.38221202687632,13.2342696492706,17.2144655779075,24.0603593003694,27.4988694755952,26.6235240484301,20.1762050538267,15.0020379522966,7.8865118957809,2.15246284087125,3.77624297661806,17.9365152223416,31.4759825503092,19.6120708833185,-6.05813591883267,6.61744961369473,20.6458526659539,9.09776571795088,113.152534849316,239.652625847499,191.231723223895,144.888881221055,-1.1409464711073,12.2769824180181,26.0609176081316,14.3549183006347
"2012",7.952747652316,8.15498934922062,18.4267183276715,20.5211205649715,25.77509765625,30.4997489748408,33.0653371512608,30.8769914816906,26.7379961203625,18.1294754968436,13.2103750219842,6.71937093870337,-2.55803132983743,-1.6287297397993,6.57604445326387,9.07584089667878,14.0481495644809,18.6608599766736,22.1671494904288,19.5351971522327,15.148036374639,7.91211400325832,2.64332989878001,-2.45330051223246,37.3673322562039,52.0205654036441,76.1313696438157,74.7826057608996,73.3071542899477,54.475680619017,53.4112112799254,58.8714085972147,53.8348543747139,45.6198024389627,22.8508725376973,42.0829269128396,2.69735816123929,3.26312980471066,12.5013813904677,14.7984807308251,19.9116236103655,24.5803044757572,27.6162433208448,25.2060943169617,20.9430162475008,13.0207947500509,7.92685246038213,2.13303521323545,7.4896897639897,21.5743121829643,31.4806925359307,19.3592822130634,-2.08105589277557,9.90001163814119,20.1210688731117,8.56782675889245,148.652681799941,224.221129694663,166.758300496157,122.305529351374,2.70431693560707,15.7371619105528,25.8008807045212,13.9635544859779
"2013",5.02236096712088,6.28369082771774,9.88121604015479,15.31785084512,22.8268814159231,28.2957217537397,29.727915137413,29.8713191172523,27.4784864958994,17.9288518101118,10.0427825783102,2.48932324450165,-5.0516614145577,-3.87003319907525,-1.43885758386402,3.6224140763848,11.6497479045561,17.5967013824608,19.4371024615392,19.5572609562445,16.9302339526715,8.45012889699351,0.785547048559709,-7.52749826151046,58.9817915831721,57.8330572744851,49.1371225393911,95.420606023995,115.899646306486,78.8689698511955,73.2232449347842,59.8245768672447,69.1103168346111,86.8057477341052,38.971899537854,43.7828624254615,-0.0146502237184127,1.20682881432124,4.22117922814539,9.47013246075239,17.2383146602396,22.9462115681002,24.5825087994761,24.7142900367484,22.2043602242854,13.1894903535527,5.41416481343493,-2.5190875085044,6.00847424451399,16.0086494337326,29.2983186694683,18.4833736281071,-3.79166504195514,4.61110146569229,18.8636882667481,8.72196996607489,158.897775770497,260.457374869872,211.916791653224,194.88796410657,1.10840460127943,10.3098754497125,24.0810034681082,13.602671797091
"2014",3.53605734296322,3.09554258229046,11.0097324461734,17.6673745684149,23.3175179576422,27.3799634020476,28.8965889736375,29.260226078847,25.1502952539526,20.0300452065129,8.39569152542767,5.6739844444239,-8.17146920299076,-7.89596005118851,-1.80643229552353,5.72013723364376,11.7010549246983,17.4080891830662,18.4331698883202,19.3678054881887,15.1380887433816,9.94969355144774,-1.00250469768215,-2.07752645049613,24.7314573350335,37.6937824815808,45.9728162110037,80.7878975513705,93.7250557630897,134.796115694737,61.347292893154,79.8148707585449,66.5980472833015,56.7293703550681,42.2234816747879,40.7286781610499,-2.31770593001377,-2.40020873444903,4.60165007532493,11.6937559010293,17.5092864411702,22.3940262925569,23.6648794309788,24.3140157835179,20.1441919986671,14.9898693789803,3.69659341387276,1.79822899696389,3.04030772325178,17.3315416574102,28.512259484844,17.858677328631,-7.86497583856324,5.20491995427283,18.4030215198583,8.02842586571574,106.208102242076,220.485769525464,275.958279346436,165.550899313158,-2.41233405765573,11.2682308058415,23.4576405023512,12.9435515971734
"2015",4.37259660332126,4.36114461455867,13.9396357965696,19.220409635571,21.8497932325607,27.9086625953421,30.5088794870964,29.8123348290322,27.7419289249945,20.1598275568813,12.7580686162434,7.7253554791636,-5.41304769651582,-7.02389662322273,1.65530936435503,7.781643401955,11.9896224614003,17.7183582757887,20.2438290275104,19.0426299904195,17.4111792975693,10.6490718606524,4.01853200903438,-0.558471592907634,40.6397146461791,35.2430316131638,56.938850918049,84.5806437519145,175.442439955946,99.8379329591327,84.3495337767041,66.9851752920562,48.3839087800942,81.4772926915936,99.458930623316,90.4696485765612,-0.520225546597282,-1.33137600433203,7.79747258046229,13.501026518763,16.9197078469805,22.8135104355654,25.3763542573034,24.4274824097258,22.5765541112819,15.4044497087669,8.38830031263887,3.58344194312799,4.80257522076794,18.3366128882338,29.4099589704902,20.219941699373,-4.83815692341156,7.14219174257012,19.0016057645729,10.6929277224187,116.611424420393,316.96193462591,251.172642027893,229.320132095004,-0.0177908513218079,12.7394023154019,24.2057823675316,15.4564347108959
"2016",4.14589794574758,9.34903431390701,15.4394511869169,18.4383903033361,22.877110861828,29.461809434936,31.057089681761,29.2827256044506,26.2471462448627,21.7229331355525,15.1763519142477,4.4371155942221,-5.15393361457714,-1.11959789691941,4.11150206073203,7.50791944169322,11.9579684723045,18.6856340019624,20.9439599493669,19.8523141870002,16.6996268466751,11.3120006398567,6.10393260214568,-4.32885519452567,28.1497496225754,34.2500868687053,80.5126710076874,116.269938786783,96.0022189413855,74.9851132122915,86.8047829730018,113.548104482167,77.856046212335,39.6035310183148,45.0016661727541,52.8863985507453,-0.504017834414781,4.1147182084938,9.77547662382445,12.9731548725146,17.4175396670663,24.0737217184492,26.0005248155639,24.5675198957254,21.4733865457689,16.5174668877046,10.6401422581967,0.0541301998482155,7.07342924627273,18.9183174506936,29.9338749070492,21.0488104315543,-2.27733436813473,7.85912999157659,19.8273027127765,11.3718533628925,152.869485067842,292.784828735856,275.33800066746,162.461243403404,2.398047439069,13.3887237211351,24.8805888099128,16.2103318972234
"2017",4.8399635640366,11.2893747917284,14.5132817417525,19.0462314696109,22.8312235610745,28.5611849382591,31.4258543475545,27.6406466660342,26.3578745186612,19.5908784260682,12.7396072460012,5.49427724539953,-3.7331170104691,0.423636225840514,3.14813857236747,7.94612383367893,11.6008277350693,17.6924657451033,20.7517037775844,18.2310040369983,16.0396094154973,9.56701914710458,3.07473190813835,-3.47731229230689,53.1687598433831,36.6997937947344,63.406389441382,116.371990146195,104.849229986427,86.8888117918652,61.3020127356274,130.603296332827,63.4915281409371,68.2158506538424,22.7536798594487,36.7033842308284,0.553423276783753,5.85650550878446,8.83071015705997,13.4961776516449,17.2160256480719,23.1268253416812,26.0887790625694,22.9358253515162,21.1987419670792,14.5789487865864,7.90716957706978,1.00848247654632,6.8554846499957,18.7969122574793,29.2092286506159,19.5627867302435,-2.54611199305142,7.56503004703855,18.8917245198954,9.56045349024674,142.754952188863,284.627609574004,278.79412086032,154.461058654228,2.15468632847214,13.1809711522589,24.0504765852556,14.5616201102451
"2018",4.34390675332311,5.95359711127261,12.502160586678,15.7022413497853,27.0035808545154,30.1520025605839,30.8302926447719,29.9588432420487,25.1799154127944,16.8665719995002,8.32278546518626,5.9893015495409,-6.37659852809813,-5.20167467741037,1.51830308380852,2.99650751629149,15.0412389963159,19.4677489077311,20.5201950000926,19.6497008698812,16.2353392108357,8.08991360777365,-0.408359704763381,-2.29231009099154,30.2904408879478,73.8269157748916,63.9580516477258,56.0494248919209,77.3228632210052,95.17513269446,75.328428412664,84.7572163922847,116.966782813071,120.180950347407,52.1346954079852,81.8593741443546,-1.01634588738751,0.375961216931117,7.01023183524328,9.34937443303838,21.0224099254156,24.8098757341575,25.6752438224323,24.8042720559649,20.707627311815,12.4782428036369,3.95721288021144,1.84849572927468,5.26392703666508,18.4026609303262,30.3137128158015,16.7897576258269,-5.0185284992718,6.51868319880531,19.8792149259016,7.97229770461532,140.820740893668,197.330339760652,255.260777499409,289.282428568463,0.122699268696643,12.4606720645658,25.0964638708516,12.3810276652211
"2019",3.71855818762036,3.17113201991079,9.21158123287547,18.25752508516,21.6322737996612,27.5483322939037,30.4881469437297,29.7828894447942,27.7780872796949,16.73041535147,10.0024757421412,6.96352174587162,-5.96101337450938,-6.49131216618685,-1.16075746075235,6.70561271775958,11.2982083433612,16.8918979445905,20.3439462092251,19.8769814152288,18.1744013058631,7.14297430390998,0.33741052998188,-2.45536849035469,47.345321484152,61.2478084304897,62.0321552795926,101.68926979904,168.632111859081,99.4230798297778,78.5428796837468,89.7367777008788,88.1516525576496,99.4478148170852,51.8030118394723,40.9055723072558,-1.12122759344451,-1.66009007313803,4.02541188606156,12.4815689014598,16.4652410715112,22.2201151192471,25.4160465764774,24.8299354300115,22.976244292779,11.93669482769,5.16994313606156,2.25407662775846,4.29299725235735,16.3671267058989,29.2731228941425,18.1703261244354,-4.91487854389592,5.61435453345616,19.0376085230148,8.55159537991832,190.452504058996,332.353536937713,267.702737214403,239.402479214207,-0.310940645769286,10.9907406196775,24.1553657085787,13.3609607521768
